#{"t_start": 1512848498.1983702, "gym_version": "0.9.4", "env_id": 0}
r,l,s,t
-932.728185,129,-0.949526157642,35.769954
-907.458852,128,-0.925046614063,71.317555
-924.936389,127,-0.941840011211,107.391218
-919.359251,127,-0.936715614864,142.697057
-908.307282,129,-0.926849241023,179.067648
-910.029631,126,-0.926653646125,214.305137
-927.489079,125,-0.933739492547,249.675398
-946.59885,130,-0.953550712578,286.797493
-914.707597,126,-0.92973321686,322.024245
-932.932612,127,-0.948996992493,357.537814
-909.972842,125,-0.926161389567,392.81066
-952.484121,128,-0.958710676148,428.691861
-951.421081,129,-0.958101062747,465.063724
-936.451462,126,-0.94244765839,501.945082
-909.957807,124,-0.925351320707,538.461107
-926.228729,127,-0.942794983599,575.93453
-904.615125,128,-0.922051571773,614.348889
-917.91436,130,-0.935269394184,651.61275
-918.858585,128,-0.93651295437,688.349186
-943.481689,127,-0.949245349105,724.969758
-937.579464,127,-0.943664771138,762.63135
-940.666766,128,-0.946993618145,799.17291
-920.278184,127,-0.927187071348,836.945381
-918.599316,127,-0.935557782976,873.611874
-920.079714,127,-0.936709576817,910.361534
-926.924025,129,-0.943419743623,948.297805
-943.292913,144,-0.965913414452,987.882308
-951.742279,131,-0.959159268521,1027.24852
-923.364707,129,-0.939801035039,1064.517101
-900.549579,126,-0.917660488411,1101.156821
-930.02559,127,-0.936897844156,1138.954169
-921.749355,132,-0.93924604455,1178.017755
-910.95141,126,-0.927838117058,1214.132958
-910.819844,127,-0.926950727167,1250.933966
-927.922335,128,-0.934778750599,1287.331498
-941.66814,128,-0.949163363126,1324.235032
-922.300679,125,-0.937509083622,1361.717141
-906.733951,126,-0.923755986535,1398.622148
-945.493032,131,-0.953704101662,1437.723606
-926.128842,126,-0.942540827767,1474.697568
-919.425922,129,-0.936016258131,1512.098963
-936.824258,125,-0.941979143669,1549.815331
-938.421484,128,-0.944372073343,1587.110174
-919.516029,126,-0.935930650205,1624.172476
-946.826928,131,-0.955096606894,1662.178573
-912.006754,127,-0.928024964861,1700.386154
-969.093265,134,-0.977551459025,1739.911885
-937.689798,127,-0.953489375189,1777.014192
-924.094776,129,-0.941320926808,1818.248525
-931.915497,128,-0.948672881693,1857.97803
-925.255907,129,-0.942175265293,1896.087951
-916.944067,125,-0.932954839519,1934.360097
-911.436441,129,-0.928747856601,1972.836108
-928.104793,127,-0.943978002911,2011.016976
-902.990763,125,-0.91982659537,2049.080291
-925.464109,126,-0.941469236146,2087.402723
-930.158588,127,-0.936019581737,2125.936909
-928.552668,126,-0.94437726053,2164.066118
-936.288595,126,-0.941865326611,2202.776062
-962.058977,135,-0.971573054395,2244.283588
-933.940433,131,-0.941470477908,2284.164653
-940.244446,132,-0.947736511621,2324.983335
-913.244848,127,-0.929939725752,2361.592654
-921.388377,126,-0.927021780139,2398.206177
-945.691857,129,-0.96198545668,2437.184866
-932.310528,129,-0.94947162814,2475.116573
-941.868425,129,-0.948128101177,2513.325171
-921.11494,126,-0.937444973508,2550.095105
-948.921921,131,-0.955980472281,2589.192497
-942.496073,131,-0.950926353598,2627.995111
-908.365376,127,-0.925350995298,2665.621978
-913.699819,127,-0.930414052325,2703.630498
-912.917272,125,-0.929503500082,2740.37475
-928.667125,127,-0.945263224719,2778.207546
-938.859542,134,-0.957499093149,2817.271825
-926.024489,130,-0.943956347374,2855.013113
-908.657986,126,-0.925076223815,2891.912078
-949.674863,128,-0.956292709479,2929.94509
-954.584984,129,-0.961815275309,2968.284078
-942.21732,127,-0.958218939563,3008.55285
-925.050561,129,-0.943200019113,3048.013849
-922.137014,126,-0.938478152881,3086.251956
-911.609996,128,-0.928305111012,3124.9036
-914.176021,132,-0.933202270039,3164.696588
-920.249099,127,-0.937325711117,3202.05593
-916.342447,127,-0.932705936655,3240.73635
-948.731357,132,-0.956595949123,3280.130412
-924.981589,130,-0.942702745173,3319.267009
-938.16044,127,-0.94393460624,3357.003365
-917.436352,129,-0.9347253384,3396.334776
-951.112321,129,-0.957456473013,3436.146635
-921.873965,128,-0.939233923055,3476.062064
-953.627732,133,-0.961602737534,3515.309558
-919.951395,132,-0.938369081266,3556.397582
-960.027654,129,-0.966693112833,3595.402817
-938.995418,130,-0.947051837373,3636.852717
-908.867197,126,-0.926206291484,3675.903653
-939.664887,131,-0.957708780629,3717.741355
-939.368824,131,-0.956967034791,3757.98392
-903.244786,126,-0.920456386605,3796.675178
-927.01205,126,-0.933128940784,3835.8236
-917.946042,128,-0.934154358668,3875.756023
-929.031395,131,-0.936031327101,3916.647442
-929.079779,129,-0.945609671922,3956.189767
-943.60746,126,-0.949151409164,3995.487833
-925.066262,126,-0.94070009523,4034.491319
-931.320949,128,-0.937966755758,4075.066699
-929.002599,126,-0.945259359057,4114.56864
-917.046023,128,-0.934035140697,4154.074833
-935.615152,130,-0.943775598792,4195.475972
-942.280128,125,-0.94775386576,4234.589688
-940.935639,129,-0.947729244075,4276.123281
-912.816844,129,-0.930441717717,4316.770124
-909.687158,127,-0.926093930483,4356.443006
-941.59179,128,-0.948681908746,4396.524491
-921.800942,127,-0.928693417317,4435.607798
-904.496028,127,-0.920582531269,4475.153754
-938.422962,130,-0.935101156384,4516.513081
-950.697758,128,-0.957483332814,4556.848996
-932.905738,132,-0.941913548057,4598.588077
-922.574938,127,-0.93969194243,4637.904838
-914.414704,128,-0.931797285501,4678.025105
-953.864067,130,-0.96089351553,4718.894994
-922.246219,129,-0.939422937347,4757.749298
-938.625413,129,-0.945186358503,4795.518992
-933.752653,130,-0.951260571176,4833.566869
-917.974519,128,-0.934883720015,4871.139116
-916.7712,129,-0.934711194721,4909.796592
-927.230961,132,-0.945132072896,4947.943234
-931.511611,131,-0.949210003843,4986.916463
-934.876983,128,-0.950954688722,5024.667355
-943.137402,131,-0.94936729204,5063.647419
-935.724327,124,-0.941417218205,5100.172229
-927.047218,125,-0.93267865149,5137.011428
-941.441385,129,-0.948722082802,5175.484894
-929.160768,124,-0.935405332807,5212.128685
-923.612884,128,-0.930106958231,5249.759663
-940.42148,129,-0.957979053556,5286.816598
-955.366519,130,-0.962557853167,5325.199472
-941.457665,128,-0.95746400009,5362.596995
-956.338014,129,-0.962835417526,5400.348109
-948.814466,126,-0.954647346087,5438.426557
-924.226985,126,-0.940588201469,5475.76723
-912.545861,126,-0.928876715102,5514.965958
-914.640734,127,-0.929797033881,5552.590502
-922.587546,133,-0.94107048975,5591.917685
-905.618148,125,-0.921633781873,5629.551615
-923.650107,127,-0.940829883231,5668.446588
-918.856434,127,-0.934814372596,5706.507164
-949.479813,133,-0.968133427032,5745.88064
-937.118618,129,-0.944313972397,5784.705992
-923.543835,125,-0.939800193917,5823.441546
-929.008994,131,-0.946932222596,5863.17096
-926.671729,134,-0.94507132334,5903.498491
-931.136529,128,-0.948823156438,5942.845242
-935.140283,131,-0.942613355777,5981.877367
-914.108207,130,-0.932444829663,6021.624402
-936.657554,127,-0.952887074108,6061.231555
-936.59821,132,-0.953984956136,6101.051998
-953.279971,130,-0.960471712357,6143.043109
-939.702149,128,-0.945915611829,6181.714575
-927.461647,127,-0.943378644789,6219.52942
-909.382232,128,-0.926429494641,6259.86965
-922.170266,128,-0.939192775109,6299.416145
-919.573807,126,-0.935985972506,6337.697707
-928.872391,126,-0.934793267429,6376.564075
-911.970676,125,-0.927606942444,6414.729574
-910.628655,127,-0.927724605413,6453.873455
-945.139088,128,-0.951666638342,6493.290614
-946.725274,129,-0.953381674747,6533.327027
-944.984399,128,-0.951788333146,6572.66631
-928.69563,127,-0.944941099269,6611.797005
-928.948505,129,-0.946738502638,6651.625371
-936.388835,127,-0.942078272755,6691.972019
-912.413252,127,-0.929020567512,6731.025749
-915.291901,127,-0.932922730171,6772.67591
-932.232307,128,-0.938569715167,6811.939849
-922.541686,125,-0.938533022291,6850.79828
-948.061417,127,-0.953851211867,6890.329687
-921.992251,127,-0.938566350989,6928.536727
-925.269622,130,-0.943208248753,6969.723264
-933.82749,127,-0.939966485504,7009.433696
-920.441513,128,-0.937750497852,7048.61971
-930.402725,129,-0.947621794306,7089.666085
-950.387908,128,-0.966787557523,7130.103723
-908.710509,129,-0.926935141422,7170.758534
-913.255799,126,-0.930576624795,7209.872622
-929.363517,129,-0.936654722624,7249.789645
-919.27414,130,-0.937854811563,7290.07098
-919.067238,127,-0.936097136455,7329.864338
-978.623142,134,-0.986818795657,7370.890731
-932.95064,127,-0.939286509398,7411.50478
-925.779266,130,-0.943833834357,7450.796573
-939.129272,127,-0.945793357806,7489.678413
-923.025793,128,-0.93916405421,7530.12636
-946.499097,131,-0.964703653937,7570.538833
-932.966326,127,-0.939705014387,7610.424767
-932.159038,127,-0.948579976074,7650.162387
-927.283234,126,-0.943360290103,7689.892313
-920.809733,129,-0.937579143607,7729.229308
-912.581073,126,-0.929337671146,7768.293572
-921.210249,128,-0.938712383213,7807.267456
-924.135883,132,-0.942096027142,7847.741583
-952.351972,131,-0.960547636591,7888.794832
-919.723332,127,-0.936728795006,7928.264841
-933.668388,126,-0.939433036964,7967.454756
-943.418156,131,-0.950695514722,8008.858829
-938.23269,128,-0.954708358249,8050.248059
-935.90254,128,-0.952216837576,8089.317411
-939.253909,132,-0.957403241834,8129.496443
-906.617371,128,-0.924041115245,8169.770557
-913.848453,129,-0.931167849061,8210.420189
-944.633339,132,-0.951908842154,8251.11367
-958.821468,137,-0.96873641762,8293.098844
-942.37757,127,-0.948746607258,8332.306651
-933.940727,126,-0.939916395962,8371.553131
-907.82266,125,-0.924163810354,8410.661172
-912.627394,126,-0.929624065414,8450.954443
-940.786091,127,-0.946412639135,8490.05206
-931.026159,129,-0.948016823221,8530.610327
-936.253354,128,-0.953135437054,8570.139509
-920.636547,130,-0.938795940103,8610.564125
-926.264174,127,-0.942682976396,8650.088149
-911.522504,127,-0.928161799566,8691.740024
-912.107699,128,-0.929124601964,8731.457586
-949.462364,130,-0.956397841983,8772.229712
-905.039018,130,-0.922836917884,8811.171293
-901.099023,126,-0.91772873309,8849.972209
-929.111194,125,-0.944585564593,8888.907125
-920.6396,127,-0.926972368747,8929.17666
-957.064492,131,-0.964288480954,8969.768865
-955.497538,128,-0.961781664323,9011.01262
-929.665896,132,-0.948162164335,9052.271872
-929.682623,126,-0.934931589616,9091.558407
-931.353761,139,-0.952806430528,9134.018139
-918.37391,125,-0.934300478307,9173.014363
-948.27003,130,-0.954765795739,9213.758855
-920.28259,127,-0.937476210602,9252.44544
-927.350616,130,-0.944175326027,9293.601706
-926.191925,125,-0.942578947611,9334.033632
-949.180187,133,-0.966851640453,9375.601455
-918.926907,128,-0.937139590671,9415.349975
-949.719701,130,-0.956490062119,9455.873883
-941.05227,125,-0.947164121177,9494.698291
-925.382881,125,-0.941234236202,9534.378444
-935.869581,129,-0.952784930748,9575.073173
-931.99442,127,-0.949376717606,9613.219381
-910.067629,126,-0.926549615653,9649.880077
-926.509394,125,-0.94285903831,9686.447461
-927.47751,134,-0.94641881805,9723.968148
-934.731122,128,-0.951487529746,9760.908515
-924.789641,129,-0.942684977225,9799.452219
-931.35456,127,-0.947533470073,9837.397435
-913.708762,128,-0.93056216042,9874.793555
-956.266137,130,-0.963355659703,9912.856973
-944.432072,127,-0.950138347369,9952.046325
-953.796963,130,-0.96172166918,9989.333208
-951.146039,136,-0.961188233428,10029.229323
-913.572897,128,-0.930147621306,10065.827256
-947.30274,129,-0.954267252923,10102.773572
-920.430762,129,-0.938125358185,10141.009315
-938.662112,132,-0.956953914354,10179.624887
-911.254779,125,-0.926838250143,10216.153165
-899.18207,126,-0.915997497681,10253.381126
-934.950056,132,-0.953352322217,10292.709633
-922.98752,128,-0.930552404177,10330.471462
-935.20729,137,-0.95627466914,10369.678781
-902.57064,125,-0.918526821738,10405.772991
-942.138176,131,-0.960140980812,10444.0134
-928.353465,129,-0.945958857792,10482.311908
-915.403112,129,-0.933465383399,10521.007156
-928.451913,127,-0.945021431157,10560.462607
-925.149147,131,-0.94324314153,10599.711516
-947.222279,130,-0.96460314391,10637.758891
-944.936576,128,-0.952419521944,10675.533401
-934.181389,128,-0.951187018089,10714.631417
-905.616792,127,-0.92298949635,10751.596667
-920.87594,133,-0.94061973527,10792.022234
-908.482776,126,-0.926088890864,10829.860986
-930.594365,132,-0.949572729806,10869.698108
-942.363911,126,-0.948438348974,10907.478757
-941.324986,128,-0.947038994071,10945.682526
-935.468429,132,-0.953286739716,10985.700639
-898.544264,130,-0.916594921713,11024.667942
-934.302408,131,-0.951339498777,11064.592929
-920.221422,126,-0.93719119533,11103.011013
-957.515864,136,-0.966755010872,11144.049834
-927.134765,128,-0.944255079804,11184.150694
-945.462097,129,-0.952745669826,11222.724916
-933.267914,127,-0.949161697284,11261.480683
-907.093021,125,-0.923398396599,11299.32632
-931.344008,124,-0.936886559611,11337.249111
-934.135125,130,-0.951838399528,11376.306886
-937.596167,126,-0.952440253244,11413.357659
-918.122975,126,-0.934265701912,11450.630249
-946.193354,133,-0.955616508732,11491.445184
-938.225921,130,-0.945469679159,11530.894447
-914.754195,127,-0.931602772184,11569.861703
-943.246818,128,-0.949221514354,11609.306355
-929.139429,127,-0.945682643478,11648.07109
-931.128158,131,-0.938008736982,11687.693599
-932.678144,131,-0.951040099191,11728.218708
-934.319351,134,-0.9533677649,11769.925289
-916.740231,129,-0.934740187132,11809.404329
-923.586727,126,-0.939505518056,11848.057954
-923.834042,129,-0.930573573222,11887.746708
-923.338897,125,-0.939289564508,11924.73058
-944.578358,129,-0.952127703177,11963.690999
-920.657578,128,-0.937971317248,12002.740205
-913.911424,128,-0.931330962625,12041.270774
-923.437185,128,-0.94044290386,12080.090149
-897.781449,123,-0.912405694323,12117.609843
-913.35541,124,-0.929499347399,12155.243352
-927.92326,131,-0.946321508732,12194.748862
-925.955066,127,-0.943283500877,12232.947943
-958.389166,131,-0.96501679996,12273.108418
-937.881955,129,-0.945665749672,12313.002718
-907.348239,129,-0.92569869985,12351.944496
-942.097938,128,-0.948809445949,12392.508802
-914.38362,126,-0.931318327962,12430.786427
-941.032846,127,-0.947194696871,12469.477319
-943.26354,131,-0.961171211877,12509.329515
-931.443954,128,-0.937477171602,12548.69582
-931.402803,127,-0.937539168034,12587.720574
-935.126851,131,-0.953353637408,12627.330832
-943.350727,128,-0.950279349362,12665.741633
-959.595806,135,-0.979411287958,12706.782048
-879.99054,124,-0.89656927647,12744.441525
-944.243746,127,-0.950390782001,12783.313301
-925.748649,127,-0.93252362774,12822.02719
-948.569388,131,-0.957021971892,12862.212972
-927.822932,127,-0.943767406645,12901.524069
-905.952054,129,-0.923729043649,12941.532799
-920.666387,127,-0.937533809986,12979.348901
-918.931793,126,-0.93491489436,13019.556228
-920.547042,128,-0.937733674766,13058.783127
-943.222522,135,-0.962894815293,13099.684905
-911.860038,129,-0.929267577267,13139.723078
-916.681558,129,-0.934057560307,13179.463234
-908.077891,125,-0.92453689221,13218.038009
-906.247862,121,-0.910719293134,13254.589897
-913.079887,124,-0.929558524629,13292.453305
-941.000453,129,-0.948226725824,13331.773979
-949.859359,130,-0.95723984421,13371.055648
-935.318275,130,-0.942729357057,13410.769017
-937.940027,125,-0.94362554728,13448.405316
-912.306172,124,-0.927877442988,13485.579687
-929.096818,132,-0.948119784271,13524.794054
-909.685806,128,-0.926618429684,13563.87671
-944.175256,129,-0.950636948903,13603.044423
-941.780079,133,-0.95951021886,13646.321144
-908.524093,127,-0.926033618503,13684.066658
-926.041723,127,-0.942968093278,13722.636702
-923.558421,130,-0.941465326294,13762.727059
-947.468566,129,-0.954172522045,13803.045745
-934.731827,129,-0.950744942213,13843.003624
-915.413628,130,-0.933358396289,13882.803022
-932.231102,128,-0.93878133082,13921.757746
-941.742207,127,-0.947711031951,13961.14965
-914.884952,129,-0.932039459504,14000.604849
-907.934052,127,-0.925076343158,14039.532984
-939.678245,128,-0.946485292388,14079.181813
-918.13088,129,-0.935308350161,14118.227132
-927.005349,130,-0.944950018495,14157.30998
-911.537317,128,-0.928563558004,14196.193269
-924.075332,130,-0.941708809441,14235.877887
-920.634826,128,-0.938562383462,14277.057138
-918.840963,128,-0.936181746672,14316.29276
-905.114667,126,-0.922404186498,14354.810238
-945.75421,126,-0.95110319719,14392.664983
-913.772589,128,-0.931496306152,14431.285953
-947.853565,127,-0.954506476593,14471.286341
-921.039444,128,-0.939018766508,14510.477657
-927.235672,125,-0.943453078579,14549.486459
-921.20502,125,-0.936363259295,14587.44559
-927.651923,129,-0.944873224977,14627.122704
-940.291738,133,-0.959489044107,14668.085871
-925.01406,134,-0.944294631233,14708.855032
-929.608102,130,-0.948204808241,14748.758527
-939.051289,127,-0.944292953065,14788.640573
-943.659622,132,-0.962152389844,14828.906572
-917.46948,125,-0.93344545447,14866.902564
-917.870925,125,-0.933825936223,14906.934179
-923.882037,127,-0.940295010899,14944.785834
-930.379002,129,-0.948031796434,14984.273555
-919.661451,128,-0.937010872159,15023.859848
-949.97186,129,-0.956524876481,15062.838078
-929.003424,128,-0.945714204551,15102.695237
-940.460642,127,-0.946806314788,15141.379406
-928.253959,128,-0.945299493485,15180.899765
-953.28495,129,-0.959404614885,15220.232195
-919.334454,125,-0.935940488787,15258.322214
-925.567722,128,-0.942802971951,15297.454719
-910.57809,126,-0.927044415945,15336.154865
-919.839036,130,-0.937730890877,15375.55022
-909.472728,125,-0.926851451936,15413.642181
-927.217665,128,-0.944369871005,15453.234553
-918.731071,129,-0.936172014223,15492.953938
-955.289058,129,-0.961764311915,15534.870003
-932.692041,131,-0.950756550558,15574.7235
-956.884584,132,-0.964684903269,15615.916448
-935.018166,132,-0.953813959131,15655.717059
-938.623878,127,-0.954990377109,15694.329492
-953.768435,130,-0.959225417079,15733.273355
-936.074603,126,-0.941139116879,15771.342949
-919.12937,126,-0.93605668401,15809.104993
-943.262385,126,-0.949157430917,15847.004574
-946.093014,129,-0.952690496268,15886.307045
-922.44689,127,-0.938927535256,15925.174497
-947.961666,132,-0.965309663971,15965.256796
-929.571084,130,-0.947407636333,16005.850353
-935.058817,126,-0.940689705641,16044.565372
-930.269841,132,-0.938058700081,16084.899587
-925.188675,125,-0.941591299802,16123.148262
-909.358698,127,-0.926265766965,16163.695275
-914.82929,126,-0.921455133047,16202.393696
-910.265311,128,-0.927992502199,16241.437334
-923.963306,126,-0.940166999525,16279.280702
-933.077619,132,-0.95106966376,16320.942374
-945.114008,129,-0.952170263957,16360.15434
-942.127236,129,-0.949006520114,16399.363816
-916.915351,127,-0.934082963644,16438.058798
-910.001055,129,-0.927569530722,16477.468206
-918.36058,127,-0.935165937787,16515.937275
-928.533768,130,-0.935987104855,16555.294704
-935.6253,128,-0.941858624719,16594.503686
-940.537212,127,-0.946882564245,16632.90989
-914.500931,128,-0.932224520795,16672.296778
-926.633818,129,-0.944112799475,16711.691196
-923.435854,127,-0.940130036269,16751.182551
-918.886385,129,-0.91724941549,16791.49457
-925.903464,127,-0.942630229952,16830.569505
-945.372557,127,-0.95148759851,16869.554334
-913.859646,129,-0.931832936059,16909.183668
-915.401928,129,-0.932750158845,16947.867939
-920.615908,127,-0.937225449966,16986.526642
-939.523952,128,-0.94611805527,17025.045092
-939.594533,128,-0.946273160649,17063.666668
-943.407846,126,-0.949492626496,17102.401924
-928.82727,130,-0.946509642886,17142.222724
-940.08552,129,-0.956645536443,17180.871397
-946.846994,131,-0.954380761847,17220.681486
-908.955485,127,-0.926424381202,17260.105071
-915.23078,128,-0.932694057665,17299.473662
-918.370437,130,-0.936500162882,17339.555267
-925.298179,129,-0.941825255597,17378.258526
-905.782345,128,-0.923085048727,17420.334213
-952.530532,129,-0.959024685042,17460.399312
-925.181032,130,-0.9414403735,17499.682002
-950.075932,132,-0.957883640548,17541.00418
-931.635811,133,-0.950424393212,17581.730681
-936.853535,127,-0.943221994333,17620.229361
-898.571267,130,-0.916839268155,17661.061307
-935.089492,127,-0.941302644081,17699.910645
-947.091358,129,-0.954539461593,17739.214546
-894.485448,124,-0.911282795409,17776.546173
-923.424293,126,-0.940006772209,17815.565716
-913.047444,127,-0.93101024977,17854.540549
-923.256828,129,-0.940279406946,17893.015654
-949.163037,128,-0.955492929118,17932.526688
-937.534074,131,-0.95526211321,17973.239336
-931.358473,128,-0.938206666025,18013.300303
-941.731959,128,-0.947896969472,18053.729481
-911.187876,127,-0.928605560353,18093.042215
-929.697036,131,-0.946766652042,18132.827548
-949.191928,128,-0.956016283511,18171.89507
-938.88205,129,-0.956035610571,18210.97315
-917.458838,127,-0.933445863637,18249.448992
-940.200794,128,-0.947863912857,18288.489764
-911.88461,127,-0.929061843366,18327.856547
-931.634337,126,-0.937311859837,18365.158332
-904.533007,128,-0.921492824839,18402.97303
-928.263461,129,-0.945419312362,18441.816976
-943.889144,126,-0.949771906827,18479.931643
-929.833972,129,-0.947887514605,18519.650783
-933.482004,124,-0.939743638827,18557.717523
-932.468879,129,-0.939338111253,18597.573616
-940.489281,124,-0.94537116202,18635.002936
-932.946706,130,-0.940206907047,18676.402419
-917.43511,131,-0.935279426386,18716.163856
-898.873315,129,-0.916167850926,18756.235677
-924.240436,129,-0.941620240011,18794.735953
-910.061693,128,-0.927253584722,18833.542182
-935.543774,130,-0.953540444086,18873.896846
-904.348079,126,-0.921257199002,18913.997691
-919.623005,124,-0.934935109032,18952.107883
-950.18871,137,-0.960613844882,18994.351672
-936.211566,130,-0.953232876312,19033.36632
-925.855133,127,-0.942363325203,19072.169278
-909.845143,124,-0.924842880838,19111.634207
-926.831093,126,-0.943402541546,19152.51458
-922.742013,132,-0.941266752125,19190.512087
-926.539777,127,-0.943389076602,19227.065833
-947.21085,127,-0.952839881714,19262.885467
-925.13067,125,-0.940970371802,19300.085399
-926.516543,128,-0.933239138261,19335.797784
-922.856286,126,-0.939074794326,19371.080588
-908.888026,124,-0.925048043013,19406.066138
-918.466178,128,-0.935510855365,19441.764755
-978.90355,137,-0.988153987732,19481.672986
-935.441217,127,-0.951995891773,19517.091106
-924.737044,128,-0.942120199972,19553.321047
-924.166034,128,-0.940798910815,19590.033504
-936.381519,128,-0.953127791936,19627.75927
-924.016311,139,-0.945058676043,19667.541375
-905.245794,127,-0.921383232791,19704.273867
-926.029117,130,-0.944005832923,19741.673686
-916.946438,125,-0.932515126802,19777.727189
-912.841028,126,-0.929216745363,19813.385374
-934.125219,127,-0.940301085968,19849.872054
-917.366381,127,-0.934249047598,19887.893068
-937.215641,126,-0.942717661564,19924.756211
-900.18328,123,-0.915921097667,19961.509091
-918.47817,129,-0.936082199704,20000.422541
-937.546058,130,-0.954627911689,20038.844367
-911.555666,126,-0.927087082318,20075.537468
-930.974158,124,-0.936565189935,20111.863215
-937.371383,128,-0.943089313237,20147.877293
-952.485562,132,-0.959145590083,20187.024907
-948.693717,129,-0.955296974444,20224.212487
-926.269102,126,-0.942653063456,20262.387365
-914.123964,127,-0.931342008014,20301.45602
-918.963126,126,-0.935570772741,20338.590858
-919.126268,134,-0.937760250387,20377.217556
-949.563122,134,-0.958562742304,20416.989146
-942.886253,127,-0.948578371998,20455.147177
-965.149674,134,-0.974842154258,20496.967812
-934.236888,130,-0.952034851581,20536.097033
-952.490248,128,-0.959356665309,20575.243301
-944.022145,130,-0.951050323722,20614.436796
-955.033608,126,-0.961136131029,20651.668751
-909.246474,131,-0.927483422302,20690.866392
-938.836025,135,-0.95852051972,20731.608995
-961.749172,138,-0.9809640184,20773.779615
-929.237498,127,-0.945510134549,20810.858533
-939.928799,133,-0.958648740332,20850.826097
-920.20113,129,-0.937150378518,20890.534974
-925.753222,128,-0.943361194411,20928.648284
-930.130138,129,-0.937881838428,20967.375339
-903.783288,125,-0.920144291895,21005.307314
-931.385458,126,-0.938242463734,21043.02005
-926.228618,128,-0.943083389669,21081.972506
-953.557383,128,-0.959268705177,21121.507889
-916.706026,126,-0.93373020643,21158.780835
-920.161641,127,-0.936565251368,21196.746282
-950.391537,126,-0.956693111891,21234.854568
-932.593007,135,-0.951585537672,21275.730175
-944.826424,127,-0.940225890059,21314.576195
-907.895169,128,-0.924976278548,21351.782712
-909.735341,127,-0.926345713655,21390.364087
-928.915507,127,-0.946111229522,21428.236194
-927.757075,127,-0.944032457946,21466.085057
-923.505632,129,-0.940402957712,21503.940332
-914.016006,127,-0.930126393355,21541.649585
-925.385654,126,-0.931808531535,21579.696473
-961.148286,130,-0.968395360974,21619.073719
-952.833014,132,-0.959999265597,21660.061903
-930.633252,127,-0.946390171672,21698.565585
-947.541641,129,-0.953875611302,21739.501637
-932.482381,128,-0.949395284192,21777.716205
-930.210532,127,-0.94686123034,21816.160603
-941.526344,128,-0.948093255932,21854.111617
-949.106557,130,-0.956092936842,21893.875304
-906.528543,124,-0.922909924599,21930.936127
-943.506564,128,-0.950373167731,21969.5035
-921.195495,126,-0.937725550392,22007.788633
-950.659356,130,-0.967886670801,22047.613832
-958.695047,128,-0.964239930008,22085.564634
-935.007151,127,-0.941372646067,22123.529691
-934.496024,130,-0.952069263524,22162.034382
-925.314304,130,-0.943252599555,22201.464663
-933.899415,133,-0.95251265372,22241.557961
-927.867561,127,-0.933575994099,22279.318907
-933.268802,128,-0.950086929128,22318.968067
-932.158597,130,-0.950139115801,22359.050699
-926.665435,129,-0.943961060899,22398.368906
-944.352415,129,-0.95068579106,22437.274294
-938.442328,130,-0.955715308935,22476.914317
-916.752562,125,-0.932846857238,22514.405801
-907.625634,124,-0.923513983042,22553.448929
-922.226938,126,-0.939005642904,22592.641156
-935.719205,130,-0.953499217431,22631.877511
-922.516708,129,-0.939708594711,22672.428868
-943.216517,131,-0.960994426962,22711.906854
-934.499965,132,-0.952720766882,22752.266447
-939.953521,134,-0.949213550281,22792.320453
-938.453532,134,-0.957883129624,22833.680608
-912.24229,130,-0.929821296714,22872.953496
-925.538363,131,-0.943227371239,22912.91905
-953.24809,128,-0.959851413968,22952.461585
-924.776923,129,-0.942640717173,22993.802979
-931.97964,126,-0.937857186202,23033.331714
-917.318805,126,-0.933712345397,23071.117443
-915.69038,128,-0.933266197966,23110.265023
-919.291169,132,-0.937972641656,23149.761577
-924.57895,126,-0.941281307724,23187.897157
-913.889518,129,-0.931987133531,23227.430783
-952.53265,132,-0.960616396705,23267.910323
-919.945487,130,-0.937831255923,23307.179775
-935.275268,131,-0.943209271116,23347.544596
-934.714773,134,-0.953751302917,23388.230585
-896.93452,129,-0.914597664554,23427.101952
-947.275462,132,-0.95496852698,23466.399942
-910.327943,124,-0.926813638944,23503.164957
-922.729083,131,-0.941113050997,23543.429964
-958.60558,143,-0.970859425839,23588.739947
-924.255645,129,-0.941387449362,23628.143652
-948.307672,128,-0.954733773216,23668.065222
-931.495199,128,-0.948096885504,23706.798453
-921.664008,129,-0.938719378211,23744.716735
-943.685544,129,-0.950386351135,23784.304009
-927.195344,125,-0.932868808091,23822.144655
-917.819366,133,-0.937713116623,23862.851422
-946.66474,129,-0.952827378185,23902.199794
-909.435142,127,-0.926645842434,23940.616863
-931.491652,126,-0.937810233796,23979.188425
-911.729113,127,-0.928451778846,24018.328708
-938.994652,131,-0.947608889002,24058.097844
-927.775882,129,-0.944607581456,24096.932841
-934.874291,131,-0.952754877332,24136.181744
-914.89608,126,-0.931781330703,24174.119227
-916.199537,131,-0.934554003878,24215.773065
-946.526348,131,-0.954205120625,24255.46917
-932.060574,128,-0.949121184742,24293.515431
-952.543535,131,-0.959161613269,24333.545835
-931.823974,130,-0.939998559815,24373.64629
-933.494915,134,-0.951881081331,24415.536271
-932.496812,132,-0.951369086178,24456.986667
-914.853676,130,-0.932883242397,24496.089128
-885.916938,125,-0.902823293032,24534.981185
-951.609994,133,-0.959992396432,24575.99063
-942.448676,128,-0.948900277697,24614.584721
-936.725283,144,-0.959084569223,24658.777809
-934.435694,131,-0.952019890221,24700.196227
-965.65401,132,-0.973469176336,24742.032713
-927.523193,131,-0.94580772604,24781.986504
-942.566383,130,-0.94956185854,24822.677401
-915.440528,128,-0.933102100861,24863.330259
-913.132779,126,-0.929456737683,24901.813206
-958.057235,132,-0.96594799181,24942.846265
-911.43715,126,-0.928272924435,24981.471729
-920.735118,128,-0.938112510043,25020.331842
-948.285918,130,-0.955490117505,25059.941649
-900.371213,131,-0.919053524139,25100.250966
-941.665005,128,-0.948473693088,25138.404289
-918.983975,127,-0.935529410974,25177.648072
-920.470275,128,-0.937217059771,25217.154398
-929.295954,129,-0.946740342492,25256.191298
-939.658372,129,-0.946973785627,25296.06197
-927.648409,134,-0.946084377676,25336.906076
-933.763173,129,-0.951404114531,25376.258823
-926.516575,127,-0.943871389706,25415.196185
-948.00209,132,-0.965015681241,25456.026235
-927.312301,130,-0.944568514345,25497.862385
-950.385094,128,-0.9576646155,25538.326718
-916.160024,127,-0.933206752466,25577.441291
-954.980922,129,-0.961654581425,25617.260721
-923.219653,128,-0.940309325169,25657.642647
-935.632858,130,-0.942890755278,25697.331422
-914.392974,128,-0.931217743261,25735.54036
-942.380656,130,-0.949205200505,25775.995263
-917.432023,132,-0.935954350909,25816.075693
-933.5267,128,-0.940087638131,25855.805608
-935.488142,130,-0.952506164993,25894.983319
-939.055018,126,-0.944996158255,25932.458385
-888.114022,126,-0.905056561503,25970.173369
-941.70133,126,-0.947331229312,26008.730258
-923.894568,128,-0.940420855538,26048.563024
-947.617939,128,-0.953887163898,26088.271486
-935.405915,131,-0.942210476523,26130.683204
-938.329883,130,-0.945425288892,26170.032607
-944.68135,127,-0.950752596483,26208.824353
-920.398995,126,-0.936384968792,26247.184788
-926.657267,128,-0.943231493717,26286.087771
-924.555557,129,-0.942057741925,26325.395439
-912.045382,126,-0.928239004926,26363.955616
-944.085011,129,-0.950694501637,26403.343372
-918.876078,128,-0.925026559073,26442.560049
-938.113885,127,-0.945225999562,26481.316208
-930.743293,125,-0.94689782984,26519.287376
-919.299818,132,-0.938196550152,26559.856914
-927.605221,132,-0.946475418532,26599.824216
-912.847812,129,-0.931087220547,26639.114036
-956.5406,132,-0.96439280694,26679.51242
-913.345906,127,-0.930332701934,26719.736994
-912.667065,134,-0.931636344682,26763.056133
-939.623438,131,-0.95722591787,26803.206822
-935.847567,127,-0.941663410741,26842.068459
-921.610115,127,-0.938807542094,26880.388194
-913.941876,127,-0.930663532645,26919.134043
-944.998685,132,-0.953071266153,26960.404507
-939.089454,129,-0.946676771746,27000.108073
-912.853393,131,-0.930850698796,27039.838319
-923.345954,128,-0.940218715877,27079.597806
-938.651501,133,-0.956367751861,27119.393471
-915.825525,124,-0.931936343776,27158.070316
-914.10395,127,-0.931193833323,27197.049357
-916.501877,130,-0.933890359863,27236.784827
-920.474578,127,-0.937165668741,27275.210846
-953.229985,138,-0.96395523429,27317.465153
-927.752322,130,-0.934994963591,27358.748115
-936.311497,132,-0.954188141358,27398.398709
-910.265734,127,-0.927290991549,27437.592047
-908.979775,129,-0.9261935669,27476.891567
-908.496615,132,-0.92689538705,27517.601852
-959.872225,138,-0.970085568138,27559.445427
-922.817942,129,-0.939782697608,27598.32965
-941.56151,133,-0.949967931064,27638.342156
-952.26312,136,-0.971456015177,27679.408267
-949.874979,137,-0.959489643931,27721.395787
-957.843148,132,-0.966183246127,27762.011827
-924.677385,130,-0.942046151984,27802.077228
-948.331455,129,-0.955355184308,27841.528776
-927.540285,133,-0.947058985905,27882.466145
-952.689088,133,-0.960954024884,27922.825576
-947.775441,130,-0.95544243146,27961.987864
-927.164039,130,-0.943954116391,28003.941252
-938.568328,129,-0.945913367557,28043.681801
-915.74822,126,-0.933248193701,28083.089834
-926.003052,128,-0.941706723675,28122.259347
-900.2056,134,-0.920660937081,28162.308611
-917.892435,127,-0.934636348261,28201.473714
-930.080135,128,-0.947122557279,28240.474194
-946.919862,126,-0.952703936031,28279.495301
-959.826931,130,-0.967051475608,28319.8933
-914.411368,127,-0.93155967181,28358.325647
-952.94256,127,-0.95913621947,28397.204581
-942.658955,131,-0.959711825615,28437.817886
-935.814375,131,-0.942838285098,28477.852676
-952.334192,131,-0.959552070524,28518.172724
-942.352002,130,-0.950504792226,28557.367163
-914.358096,130,-0.931547857624,28597.590181
-915.773471,127,-0.932908139359,28638.484597
-938.706119,130,-0.946697092162,28677.741844
-958.487937,132,-0.96643386942,28718.558165
-941.11661,128,-0.948262920473,28757.332616
-920.145344,128,-0.937674426331,28796.406291
-947.163329,129,-0.953669016779,28835.455896
-921.146882,127,-0.938702371328,28874.368557
-926.403986,131,-0.944900258339,28914.508643
-935.824185,129,-0.951858636735,28953.950778
-911.198687,128,-0.928621680321,28993.69729
-910.191277,127,-0.927587616866,29032.947307
-927.297878,132,-0.94529360667,29073.904378
-927.348692,127,-0.943667497313,29112.763365
-906.486655,127,-0.923848186424,29150.788111
-918.602149,129,-0.935955916972,29189.791406
-926.585133,134,-0.946713437567,29229.230069
-907.642802,125,-0.924384295331,29269.394861
-932.036573,131,-0.949572083944,29310.10368
-914.118184,128,-0.932267050911,29348.52956
-948.48892,128,-0.954791013854,29387.748558
-925.904675,128,-0.943001351122,29427.18636
-924.251873,125,-0.93005620134,29465.927984
-933.203328,134,-0.951639763511,29507.733092
-922.908482,125,-0.939459945529,29545.657649
-909.396647,125,-0.926069797409,29583.863456
-937.566157,130,-0.945046681051,29623.944911
-922.628483,129,-0.939811162545,29664.012965
-940.482114,126,-0.946793740454,29702.648656
-943.60327,137,-0.963591609674,29744.164909
-943.854537,128,-0.950538496033,29783.469837
-897.350649,124,-0.914187802358,29821.598771
-923.840247,131,-0.941707285549,29862.037877
-923.30745,128,-0.940898118868,29902.62317
-921.685309,128,-0.938969404968,29941.751392
-939.448929,126,-0.945696397597,29980.793314
-951.074019,135,-0.969700198507,30021.873139
-930.772672,131,-0.948814336616,30062.808941
-949.573887,132,-0.957349148248,30102.426747
-921.108742,131,-0.939954370021,30143.331094
-938.61807,131,-0.955746486966,30184.711817
-956.066375,130,-0.963616198003,30224.808667
-913.802159,128,-0.930832300123,30264.381239
-941.909129,130,-0.949076525855,30304.405319
-949.259941,130,-0.956752079941,30343.382856
-945.0361,130,-0.961884017979,30383.369271
-941.035923,129,-0.947341864948,30423.324353
-931.695963,128,-0.938045622017,30461.937917
-914.028328,126,-0.931052758696,30500.509047
-927.059458,126,-0.943293700022,30541.410968
-927.050029,127,-0.943543335576,30581.186576
-953.178011,128,-0.958829510573,30621.227738
-930.503842,130,-0.938472661315,30661.661571
-939.020762,128,-0.94518254107,30701.309151
-938.877263,129,-0.945651665832,30740.532461
-949.263528,134,-0.95749613399,30780.81008
-936.837467,133,-0.955646558914,30821.170006
-934.299572,131,-0.942935075083,30861.548705
-934.25473,127,-0.94999486524,30900.381661
-927.923051,127,-0.943993745829,30939.070354
-921.053936,125,-0.937130517996,30977.730455
-918.657205,129,-0.935705023525,31016.894038
-915.659905,126,-0.932291091556,31055.432223
-924.972178,131,-0.94359545803,31095.63701
-921.895978,129,-0.938412137637,31138.020824
-925.95125,127,-0.942396916276,31176.593082
-917.940966,129,-0.936350610203,31216.409658
-904.264998,128,-0.921694654585,31255.6229
-935.815197,127,-0.952184376074,31294.621672
-935.967177,136,-0.956021806896,31336.910609
-942.416739,134,-0.961607424268,31378.420863
-993.305854,152,-1.00846609802,31425.372408
-937.425513,135,-0.956092081476,31467.6308
-913.172591,124,-0.929228791618,31507.083069
-933.719008,126,-0.93958224967,31544.802262
-903.483217,128,-0.920870614197,31583.566508
-924.112291,132,-0.942943167033,31624.137583
-944.882686,133,-0.954177503473,31665.030002
-921.268709,129,-0.93868556596,31705.053062
-921.451126,125,-0.937696043717,31743.793825
-952.66774,133,-0.960513115185,31787.088749
-919.515151,128,-0.936209187658,31826.495174
-912.261133,127,-0.928701968054,31865.564189
-909.301545,127,-0.926957901969,31904.42784
-932.29448,128,-0.948648728129,31944.54963
-904.480155,126,-0.921439499814,31983.434645
-933.441673,130,-0.951243898003,32023.512199
-953.768376,135,-0.963134037485,32065.988837
-925.432166,129,-0.943299616332,32105.110622
-952.68143,132,-0.960942977441,32145.501343
-916.967937,128,-0.934451581778,32184.69672
-936.601229,132,-0.955928289577,32226.80809
-916.577567,132,-0.933896146779,32267.690665
-926.160578,125,-0.943308261535,32307.498275
-939.342623,128,-0.946036945443,32346.131572
-935.171702,126,-0.94043255275,32385.496828
-917.843146,127,-0.934880099392,32426.121797
-920.800397,130,-0.939414926768,32466.065584
-951.060513,129,-0.957654720314,32504.501176
-925.615643,128,-0.932082697909,32543.448687
-940.851605,130,-0.959245791536,32584.053168
-943.868352,139,-0.965872808547,32627.214085
-927.196704,126,-0.943502143641,32666.299103
-940.293616,132,-0.947702537149,32706.669404
-956.87811,133,-0.965342085251,32747.073308
-918.744135,127,-0.936349511534,32785.796593
-914.134242,133,-0.933126892769,32826.25646
-918.898141,129,-0.935449468502,32866.001998
-923.50645,128,-0.940859257109,32904.727618
-927.514285,131,-0.946333206891,32945.6866
-946.428772,131,-0.954015144022,32985.342427
-957.407613,129,-0.963317924573,33025.173419
-919.141748,128,-0.937106760403,33066.026675
-913.808264,130,-0.932300136496,33106.445863
-943.588796,129,-0.951070231265,33145.943405
-943.408816,127,-0.949230635666,33185.726547
-911.397256,125,-0.927975694889,33224.629508
-939.617738,131,-0.947358835168,33264.870737
-921.687606,130,-0.940282274753,33305.56443
-928.017896,132,-0.946867266429,33346.599015
-925.417384,129,-0.943081816737,33385.813114
-925.268014,130,-0.943062400356,33425.552316
-917.01578,129,-0.934872063422,33465.830365
-937.716745,131,-0.954637430115,33505.494308
-942.632832,130,-0.960161638857,33545.437541
-930.837162,129,-0.948274939729,33585.225887
-941.75653,125,-0.948004918167,33623.870263
-903.946068,127,-0.920749012263,33662.096982
-930.940718,129,-0.948652105807,33703.211354
-937.400191,131,-0.954845661501,33743.457431
-934.767227,132,-0.942063257332,33784.424914
-916.566631,128,-0.933432415998,33824.413131
-924.562194,128,-0.941057055751,33863.921553
-928.757016,129,-0.946727239713,33903.373199
-914.28632,126,-0.931386524673,33942.391005
-919.915283,127,-0.936276800457,33981.098249
-932.531411,132,-0.950647413044,34022.034398
-908.972563,126,-0.92576473557,34061.256597
-944.076849,129,-0.95088168949,34100.685436
-922.317789,127,-0.939756890744,34139.172233
-965.274878,136,-0.974508299956,34181.801398
-909.520354,128,-0.926191078929,34220.64091
-944.551663,133,-0.952914989144,34261.542345
-931.323232,129,-0.948429773782,34303.804116
-931.661086,128,-0.939160558922,34343.246951
-954.144061,129,-0.961425143355,34382.773968
-953.290963,132,-0.96047897641,34423.006761
-925.3364,129,-0.942873460519,34463.410233
-926.929918,127,-0.943286828644,34502.657833
-925.653861,130,-0.943427451676,34542.962029
-936.37711,130,-0.943836237136,34582.866763
-931.689074,126,-0.948277848214,34622.074255
-907.421972,122,-0.921237244747,34659.498666
-936.47223,126,-0.952347345021,34698.416075
-929.100715,128,-0.936317515959,34737.828608
-921.1005,131,-0.939337601986,34777.862029
-928.935657,126,-0.935209962548,34817.533607
-935.258696,133,-0.953544546984,34858.059512
-919.86311,127,-0.936655569215,34897.434907
-942.601164,130,-0.949590862972,34939.046191
-934.763961,128,-0.951650699509,34978.196139
-937.860792,127,-0.954406988025,35017.163059
-923.692186,134,-0.94325462338,35058.798899
-907.381619,128,-0.924913047296,35098.416064
-939.365858,130,-0.956104672581,35138.452038
-907.115801,126,-0.923989343019,35177.125581
-901.045484,124,-0.916865244777,35215.891956
-949.42893,131,-0.967517231159,35257.323656
-938.263191,134,-0.947193350427,35298.99196
-943.892303,132,-0.951773502372,35340.05427
-908.676522,124,-0.924135509478,35377.774069
-953.512136,129,-0.960960075401,35417.167202
-914.002921,125,-0.931043313328,35455.815946
-928.365841,129,-0.946368981386,35495.363844
-920.387326,127,-0.93710059802,35534.105384
-930.006402,129,-0.947394746409,35575.605418
-936.237723,130,-0.953270692384,35617.155278
-922.563947,127,-0.939056493054,35655.938163
-926.616876,131,-0.944771003216,35698.264337
-914.426931,126,-0.931244198747,35738.26393
-918.959516,129,-0.937151225282,35778.193143
-924.727844,131,-0.943083386676,35819.664255
-948.044348,129,-0.95468236465,35860.191155
-926.274706,125,-0.942530436325,35898.621281
-960.172245,134,-0.968907432392,35939.678256
-946.131363,131,-0.95416231883,35980.067976
-948.735219,132,-0.956610374268,36021.403033
-934.128715,131,-0.952428079471,36062.093522
-945.703574,129,-0.952334829704,36101.605137
-950.349252,132,-0.958468292245,36143.715865
-931.286589,123,-0.936955753347,36181.446164
-922.143633,131,-0.940834147098,36223.771438
-949.704369,128,-0.956324440302,36262.812131
-910.980908,127,-0.927968604764,36302.664734
-945.249388,130,-0.952530227215,36342.983883
-952.562277,135,-0.961661870533,36385.019828
-940.367414,129,-0.94685104086,36425.179933
-926.934704,126,-0.942941873139,36464.811363
-952.580373,130,-0.959299740329,36504.540852
-955.759266,129,-0.962654330725,36544.790345
-936.91155,127,-0.943081572272,36584.359493
-923.59732,129,-0.940984863317,36623.60076
-907.885391,132,-0.92772792396,36664.359447
-926.470449,130,-0.944184644204,36704.008078
-945.580868,128,-0.952807885718,36743.315636
-943.391916,128,-0.950452562051,36782.117839
-937.097741,127,-0.953715159852,36821.726033
-938.960158,129,-0.946227615953,36863.463736
-943.021248,129,-0.949838209448,36903.336416
-925.573778,129,-0.943373431983,36943.024189
-940.10891,130,-0.947607178825,36982.958493
-930.475311,127,-0.94770685787,37022.067223
-929.955297,129,-0.94678390074,37061.662233
-951.957749,127,-0.95846767861,37101.686554
-924.487056,127,-0.941415939006,37140.864249
-921.106234,128,-0.938387182855,37180.01389
-937.948028,130,-0.954868951825,37219.832156
-957.906073,132,-0.966465106644,37261.538052
-916.200279,125,-0.932974234306,37300.225461
-919.408966,127,-0.936801051698,37338.117385
-928.351135,132,-0.946716593153,37378.923122
-937.391019,127,-0.943561725182,37417.798744
-920.498895,126,-0.936780999545,37456.149005
-917.580894,123,-0.932501616362,37494.833304
-925.932188,128,-0.93266203588,37533.629099
-920.083128,127,-0.9366616645,37572.468271
-933.287818,131,-0.951007175407,37613.255317
-938.496843,129,-0.945838978823,37652.867207
-929.915943,129,-0.947140407108,37693.699266
-918.836754,127,-0.934997405767,37732.677773
-910.010774,126,-0.927373174765,37771.13875
-951.63525,129,-0.958287989226,37810.993791
-913.644272,128,-0.930376894155,37850.412604
-926.400167,129,-0.94421819884,37891.348824
-925.783016,129,-0.943874682355,37931.396335
-921.410622,132,-0.940494672366,37972.196647
-922.285112,126,-0.938563849382,38011.36548
-920.239508,126,-0.936869474436,38049.94129
-950.321502,132,-0.958343415629,38091.733156
-935.359817,126,-0.940842482412,38132.989372
-944.62337,127,-0.95066247164,38172.004904
-938.38235,126,-0.945266095442,38213.095982
-935.540258,129,-0.952564471829,38255.402604
-921.547339,133,-0.940615363471,38299.63412
-955.612364,131,-0.963232274102,38340.755304
-913.204645,127,-0.929942339838,38380.323519
-916.458386,127,-0.93288614566,38417.60106
-947.593221,132,-0.955232986463,38456.215392
-958.84117,132,-0.967173143995,38493.994938
-945.886103,131,-0.963730569235,38531.472758
-930.099692,130,-0.948230200802,38568.138698
-925.350832,129,-0.942012774924,38605.553756
-924.945497,128,-0.941879334241,38641.952633
-947.387528,128,-0.953694605947,38678.870934
-935.185697,130,-0.953265934409,38716.689932
-912.108494,127,-0.929863367344,38755.134117
-941.676328,130,-0.949503353386,38793.81198
-920.388052,127,-0.937584134532,38831.048255
-959.078366,135,-0.968448171639,38871.341898
-921.887533,126,-0.93792126496,38907.530017
-949.756255,133,-0.958009509501,38946.602138
-946.434056,132,-0.954100985888,38985.374539
-912.910583,127,-0.930643382109,39022.583156
-925.871233,129,-0.943690857086,39059.653098
-918.597725,128,-0.935712876557,39096.683095
-933.618372,131,-0.951019662375,39136.002705
-908.79794,126,-0.925754662933,39173.265059
-910.664812,128,-0.928918602556,39211.502425
-952.754345,130,-0.960200855295,39250.455214
-934.443181,129,-0.941454692878,39288.460791
-923.24707,134,-0.941156457105,39328.743613
-908.489553,128,-0.925342924997,39368.639889
-938.527421,128,-0.954752404499,39407.206154
-943.887753,129,-0.950713232293,39446.36545
-901.75707,126,-0.918622472217,39483.890127
-950.011635,136,-0.970196539427,39524.489014
-928.768876,132,-0.947743665791,39563.781547
-950.732018,129,-0.958243060299,39602.683899
-919.150624,131,-0.936628530211,39641.687351
-924.864006,128,-0.942424893866,39680.384879
-925.348212,130,-0.943443108447,39719.73021
-954.063437,128,-0.950547030613,39757.723711
-920.936141,128,-0.938238458605,39796.157981
-915.409433,126,-0.931655038591,39833.75512
-935.207972,131,-0.953692360301,39872.848299
-937.817277,129,-0.944742603388,39911.261368
-909.100767,125,-0.926012476961,39950.387306
-924.343165,125,-0.940419970519,39988.628118
-928.829625,136,-0.948365404387,40029.417186
-910.567186,126,-0.927980043623,40067.905342
-914.186459,128,-0.931855241747,40106.762677
-948.673936,136,-0.957969700523,40147.459421
-912.596574,126,-0.928889079748,40184.510936
-924.073797,126,-0.940447817679,40222.644466
-933.840492,129,-0.950813048385,40261.041955
-933.618231,131,-0.951647381943,40300.76561
-908.420893,127,-0.925461586741,40339.525137
-934.441444,128,-0.951045130736,40378.292758
-948.629551,130,-0.955799548171,40418.445346
-936.242316,128,-0.943761166324,40456.709914
-939.131956,128,-0.945501025903,40495.279414
-948.147269,128,-0.954613256975,40533.79135
-945.957902,130,-0.963347275873,40575.459686
-912.45616,126,-0.928231244918,40613.269018
-954.450269,138,-0.964451341406,40654.595476
-944.752987,135,-0.954195542733,40694.316787
-937.726385,126,-0.943826191696,40732.539605
-914.754538,124,-0.930277862083,40770.217407
-944.154079,132,-0.961818897023,40810.357787
-926.870061,129,-0.943887926481,40849.474097
-930.653509,128,-0.937152464752,40888.276131
-948.01627,131,-0.966002196875,40928.707793
-950.069535,127,-0.956015781753,40966.962295
-934.747848,131,-0.952964216575,41006.704949
-923.938683,128,-0.940482023112,41045.029809
-938.538085,128,-0.945190539322,41083.562935
-954.301609,129,-0.960790656398,41122.564682
-928.969751,131,-0.946127964979,41162.427128
-924.536786,127,-0.9421438516,41202.291448
-932.534347,126,-0.938662933849,41240.291294
-922.262114,128,-0.938625586119,41279.065391
-912.239994,126,-0.929011044015,41317.366297
-916.343919,126,-0.933097617345,41356.285199
-907.730381,125,-0.924063118773,41393.35098
-919.477743,127,-0.936351615042,41431.924514
-936.041571,128,-0.952965343537,41470.570452
-915.90054,125,-0.93220862263,41508.581857
-942.546055,132,-0.960407410424,41549.822094
-924.751231,131,-0.942816973749,41589.240925
-908.811609,129,-0.926426336377,41627.988919
-946.676062,128,-0.952878698245,41667.277699
-940.236208,127,-0.956159626558,41705.216926
-917.765567,129,-0.934506442273,41743.226253
-919.35987,128,-0.935986634808,41781.417642
-922.425939,127,-0.938744065124,41822.176433
-943.690348,130,-0.960961739402,41861.597861
-927.940561,128,-0.945209773781,41900.65082
-914.822377,126,-0.930940411109,41938.520514
-940.483624,130,-0.94734442285,41978.730293
-912.163666,130,-0.930002668722,42017.633992
-941.490673,131,-0.949494636797,42057.536577
-949.681839,128,-0.956617478833,42096.37127
-923.706101,127,-0.9402003649,42135.724547
-919.845432,124,-0.925879624216,42172.875368
-910.69548,128,-0.927856855287,42212.0669
-936.405225,129,-0.943615777754,42251.24169
-930.065633,132,-0.94820961321,42291.211397
-952.828228,129,-0.959466755399,42330.188704
-938.943966,129,-0.945579992047,42368.746781
-930.373788,131,-0.948690484052,42408.822462
-957.536095,130,-0.964191426189,42450.189515
-916.955954,130,-0.934132674614,42490.326518
-939.647076,130,-0.956999486021,42530.821623
-947.739769,129,-0.954798862816,42570.592641
-923.439198,129,-0.940371776092,42610.543575
-936.407331,132,-0.955075696803,42651.183089
-940.786436,129,-0.946964117329,42690.461177
-931.691787,126,-0.937841093996,42729.065311
-929.942675,133,-0.948648305497,42769.283516
-939.460373,126,-0.954892291131,42807.826288
-924.277245,127,-0.940329075552,42847.665025
-910.924581,128,-0.928561145805,42887.034245
-934.862495,129,-0.942084575803,42926.657115
-944.351186,132,-0.962453532759,42967.099769
-926.568755,127,-0.942742471678,43006.852679
-934.276955,127,-0.950719443374,43045.183776
-916.469189,127,-0.933565901539,43085.03778
-923.030396,129,-0.940429568708,43123.707868
-925.616474,130,-0.943608572154,43163.833904
-917.969855,127,-0.93553091539,43202.121369
-931.784749,128,-0.94855447574,43242.211919
-927.12426,135,-0.945846754134,43283.964908
-933.225926,128,-0.949580408118,43323.776698
-920.267441,126,-0.937157296369,43362.667317
-909.086156,126,-0.926000319669,43402.408519
-932.880813,128,-0.949777638304,43442.163246
-928.987077,127,-0.945644263435,43481.574063
-918.419387,129,-0.936164694042,43520.942801
-935.876809,128,-0.943022147603,43559.94259
-942.297915,128,-0.948636827445,43599.569996
-951.515905,131,-0.968968023728,43641.186032
-938.941887,138,-0.959456702607,43683.39802
-926.990654,131,-0.94520404166,43724.661493
-913.945043,127,-0.932271714214,43763.746278
-903.738097,126,-0.92013602715,43802.446294
-949.190034,131,-0.956807127639,43842.53112
-926.616699,127,-0.943300572326,43881.082963
-922.004166,126,-0.938997712708,43919.734259
-922.561628,126,-0.938727207376,43958.304153
-937.526672,131,-0.94572499421,43998.262554
-912.062799,126,-0.928205251024,44037.192008
-937.897259,130,-0.944342767748,44076.032896
-914.40992,124,-0.929962611507,44112.861133
-899.811826,128,-0.917041803927,44152.072745
-940.49236,130,-0.957960538143,44191.802952
-915.652127,125,-0.931575562336,44229.810861
-921.901958,127,-0.938214295942,44269.043624
-923.025809,129,-0.940450840554,44309.077882
-922.237984,127,-0.938609527999,44349.850115
-937.668759,130,-0.944680531067,44388.757992
-924.606125,129,-0.941990712766,44428.132638
-950.48734,131,-0.958965125354,44467.723304
-925.202145,127,-0.941430066015,44506.232236
-931.708678,131,-0.949754783756,44547.993402
-909.844069,126,-0.926276791581,44587.677067
-947.908941,128,-0.954077298978,44628.44932
-939.987612,130,-0.946269801352,44667.572989
-927.611191,133,-0.947426228988,44707.867957
-935.83293,129,-0.953403351283,44746.641624
-949.763586,130,-0.956128565329,44786.63665
-927.763723,130,-0.935272882002,44826.800602
-931.370871,130,-0.939093556874,44866.88675
-949.109935,130,-0.956719456201,44905.782022
-906.810918,130,-0.925488094609,44945.828738
-917.290256,130,-0.935197149421,44987.013052
-930.495989,133,-0.948386419043,45027.161864
-936.928214,128,-0.943628605129,45066.224508
-941.320715,129,-0.958580344374,45105.324552
-909.069405,127,-0.926794711017,45144.476431
-946.543063,127,-0.953433678546,45183.662022
-929.526424,127,-0.935474606765,45222.278116
-917.990048,129,-0.935806856736,45261.861822
-950.022724,131,-0.957568125201,45302.86004
-914.731984,132,-0.932443548924,45342.899865
-902.418109,124,-0.918521843102,45380.586188
-959.549601,132,-0.96691877446,45420.752233
-953.370574,134,-0.96338812423,45461.246515
-918.425018,127,-0.935674407076,45499.848239
-937.516269,129,-0.944758584798,45539.889145
-911.769688,127,-0.928934388526,45578.376875
-953.03778,131,-0.961241984775,45620.579629
-935.249179,129,-0.95181453579,45660.063262
-943.258272,130,-0.950370585008,45699.807735
-920.237514,129,-0.938467547041,45739.825634
-915.938283,131,-0.9341757382,45780.594209
-940.339978,131,-0.948245225886,45822.839605
-909.86873,128,-0.92646595466,45862.556276
-924.522466,128,-0.941749086166,45901.386788
-921.910373,126,-0.937911049073,45939.846536
-939.907331,128,-0.946522435989,45979.751001
-935.387002,131,-0.943276398939,46018.761813
-944.914631,134,-0.963939523329,46060.56964
-946.794888,132,-0.954480869676,46101.135848
-957.915325,136,-0.966378212641,46142.213341
-915.713578,131,-0.933716161133,46182.670869
-938.024012,132,-0.956558928588,46225.303717
-901.054572,129,-0.918714621371,46263.96049
-939.162279,126,-0.9446276402,46301.939911
-921.196543,127,-0.937220827616,46341.472844
-922.072124,127,-0.938428328964,46381.165932
-921.275916,126,-0.938126516408,46419.971275
-924.277876,128,-0.941200797885,46458.869565
-916.777462,126,-0.933627021743,46497.912397
-962.351811,136,-0.972217152907,46540.358988
-912.906973,128,-0.929454316179,46579.211376
-914.999144,124,-0.930728241499,46617.670857
-938.006598,132,-0.946064233987,46657.767103
-920.065217,125,-0.936343394894,46696.939533
-928.294064,128,-0.945651359202,46737.855332
-909.483975,127,-0.926772003152,46776.869355
-924.210135,131,-0.942733169955,46817.011374
-932.871931,131,-0.951439436199,46858.705492
-940.996192,128,-0.948299809759,46898.146706
-919.188666,130,-0.936712763397,46937.892954
-928.159077,129,-0.944833641428,46977.463933
-915.617316,125,-0.93203752294,47016.508807
-943.824766,130,-0.950090921166,47056.41452
-932.359942,132,-0.951507106144,47097.149173
-935.428465,130,-0.953124867582,47137.411242
-953.336802,130,-0.960225622343,47176.905854
-945.194435,134,-0.954408697328,47217.471861
-918.79426,128,-0.935523932728,47256.394416
-940.10356,128,-0.946029400167,47295.660511
-920.561887,128,-0.938356788303,47335.785867
-887.462902,127,-0.905082450655,47375.577908
-922.90209,128,-0.94050269499,47414.668235
-917.740207,130,-0.934647369684,47454.778861
