#{"t_start": 1512532589.3267086, "gym_version": "0.9.4", "env_id": 0}
r,l,s,t
-16.228036,122,-16.2280356577,23.654692
-19.673281,122,-19.6732805025,49.114752
-17.633417,120,-17.6334168336,75.162591
-17.513959,126,-17.5139590029,98.669606
-17.542425,119,-17.5424253465,120.510936
-17.645549,119,-17.6455487692,142.429675
-17.590182,124,-17.5901816947,166.47033
-17.653243,120,-17.6532431689,188.953338
-16.951876,117,-16.9518759863,211.01738
-16.71542,122,-16.7154204164,234.452016
-16.626409,118,-16.626408872,256.68333
-16.734397,118,-16.734396704,282.444166
-17.339006,120,-17.3390056616,309.410207
-17.759648,117,-17.7596478058,335.547314
-17.644791,120,-17.6447912009,363.280138
-16.831551,121,-16.8315513267,391.655292
-16.572095,120,-16.5720948872,420.020937
-16.519709,125,-16.5197093054,451.449255
-16.532992,118,-16.5329924144,479.43282
-17.087872,119,-17.0878716365,506.957352
-16.591865,122,-16.5918646972,535.760573
-17.985237,118,-17.9852374026,564.07792
-17.908977,116,-17.9089769088,593.014331
-16.966616,119,-16.9666161227,621.044794
-17.10196,117,-17.1019603102,649.383116
-17.389072,119,-17.3890718446,677.504626
-16.858927,123,-16.8589266168,707.541621
-17.070763,119,-17.0707629452,738.010172
-17.400723,117,-17.4007227886,765.579626
-17.158401,121,-17.158401115,794.441368
-16.150589,117,-16.150588597,823.577713
-16.480917,119,-16.4809171349,852.396145
-19.148834,125,-19.1488337369,880.935814
-17.505217,120,-17.5052172421,908.541564
-17.135118,122,-17.1351179162,939.304334
-17.224275,118,-17.2242753142,967.276309
-18.13158,116,-18.1315795752,993.495017
-16.685833,121,-16.685833129,1023.107386
-16.978593,121,-16.9785928345,1051.697568
-16.384709,121,-16.3847094665,1079.830395
-17.122419,122,-17.1224189117,1109.782694
-16.647356,119,-16.6473559444,1138.223082
-16.940257,121,-16.9402572354,1167.376708
-16.912544,123,-16.9125437229,1197.236319
-17.267512,118,-17.2675120874,1226.404991
-16.329315,119,-16.3293150478,1254.227877
-16.015292,116,-16.0152915145,1281.398886
-16.011926,121,-16.0119261871,1310.558039
-16.459668,117,-16.4596680092,1339.432147
-16.197983,119,-16.1979832514,1367.92046
-16.736732,118,-16.7367323035,1395.996011
-17.133822,120,-17.1338222091,1425.911758
-17.600028,120,-17.600028408,1455.540661
-18.074764,117,-18.0747637363,1484.88873
-16.609848,124,-16.6098481008,1516.015338
-16.637953,117,-16.6379529637,1544.183471
-17.622728,125,-17.6227284062,1575.327696
-17.439987,126,-17.4399866555,1607.69144
-16.387218,120,-16.3872180979,1637.811139
-16.520634,118,-16.5206335166,1668.029742
-17.489711,120,-17.4897114502,1697.201689
-17.391907,117,-17.3919066579,1725.374189
-17.532175,122,-17.5321749954,1754.687518
-17.612228,118,-17.6122278062,1784.676603
-17.181423,124,-17.1814233522,1814.575974
-16.955734,120,-16.9557335225,1845.239801
-16.500079,119,-16.5000789499,1875.362644
-17.01051,123,-17.0105097603,1905.861994
-16.885526,127,-16.8855258035,1939.305543
-16.495554,123,-16.4955544764,1969.40994
-16.697149,120,-16.6971494688,1998.930109
-16.702958,118,-16.702957527,2027.776613
-17.944457,118,-17.9444566919,2057.567338
-17.387444,123,-17.3874436097,2087.320662
-17.529626,119,-17.5296255114,2116.729216
-17.725799,120,-17.7257988811,2146.046751
-17.573217,118,-17.5732165531,2174.773871
-17.432113,118,-17.4321125138,2203.696342
-16.847055,119,-16.8470548927,2231.681987
-17.783559,120,-17.7835589477,2260.334836
-16.840692,120,-16.8406920616,2289.538576
-17.188413,119,-17.1884130283,2319.810175
-17.8674,123,-17.867400377,2349.543732
-17.165054,120,-17.1650544189,2378.946241
-18.052846,120,-18.0528456929,2407.704901
-16.668523,124,-16.6685229592,2437.964102
-17.284385,128,-17.2843846953,2469.318769
-16.764216,119,-16.7642163081,2498.983258
-16.911171,117,-16.9111710719,2528.46909
-16.478863,117,-16.4788633113,2557.444863
-17.339294,120,-17.3392944488,2586.392494
-17.575331,122,-17.5753314761,2615.866405
-17.161435,120,-17.1614354192,2645.3193
-17.996322,127,-17.996321811,2676.24509
-17.586686,119,-17.586686003,2704.807157
-16.268689,120,-16.2686888296,2734.465061
-17.237504,117,-17.2375039056,2763.994288
-16.299917,121,-16.2999167702,2795.521399
-16.696058,120,-16.6960583448,2824.921233
-16.690625,120,-16.6906251749,2854.490658
-16.727385,120,-16.7273845665,2884.468164
-17.575009,118,-17.5750091863,2913.680618
-16.607228,119,-16.6072279509,2945.096097
-16.625655,120,-16.62565491,2975.104429
-16.352771,120,-16.3527706407,3005.284374
-16.303199,123,-16.3031985311,3036.753894
-16.302532,119,-16.3025321029,3065.314708
-18.094223,119,-18.0942228433,3094.688945
-17.700957,121,-17.700956851,3125.717457
-16.862303,122,-16.8623026179,3168.844868
-16.550353,118,-16.5503532026,3210.567538
-16.882279,119,-16.8822787067,3254.613591
-17.388526,117,-17.3885256803,3296.408737
-17.060524,117,-17.0605239737,3337.622459
-17.124155,123,-17.1241553034,3381.378322
-17.195467,123,-17.1954670633,3425.585702
-18.20463,119,-18.2046300581,3467.83934
-16.780166,120,-16.7801655592,3509.803271
-16.940623,118,-16.9406226847,3553.515686
-17.515794,125,-17.5157935176,3601.357833
-17.79381,127,-17.793810262,3646.903334
-16.750754,117,-16.7507537231,3691.105847
-16.839267,121,-16.8392672232,3735.603862
-17.28337,116,-17.2833696783,3779.09278
-17.650265,129,-17.650265046,3823.723672
-16.914818,123,-16.914818018,3867.457169
-16.468493,123,-16.4684928237,3912.48985
-16.819254,120,-16.8192542954,3957.124181
-17.655754,125,-17.6557540875,4003.134416
-16.370598,123,-16.370598137,4045.904611
-17.336337,117,-17.3363373157,4084.652025
-16.819817,121,-16.8198166774,4126.504798
-16.998363,124,-16.9983626196,4169.193527
-17.240931,121,-17.2409313431,4209.490614
-16.451969,118,-16.4519689679,4249.191494
-17.130798,118,-17.1307977443,4290.053064
-16.88513,119,-16.8851303895,4335.190325
-17.947754,122,-17.9477537397,4375.800991
-17.029914,122,-17.0299140033,4418.159145
-16.364438,122,-16.3644375761,4461.211225
-16.88622,118,-16.8862201875,4501.048171
-16.910923,120,-16.9109226128,4541.456406
-16.741184,117,-16.7411843905,4580.956133
-16.77482,121,-16.7748195567,4622.688416
-16.55858,119,-16.5585799912,4664.912983
-17.765734,121,-17.7657335514,4706.249799
-16.763712,119,-16.7637117769,4747.579286
-16.899752,122,-16.8997515373,4790.792565
-17.171571,120,-17.1715706699,4832.715645
-16.948202,121,-16.9482017661,4878.318593
-16.820888,122,-16.8208883974,4914.355687
-16.930562,129,-16.9305622601,4955.249686
-16.776467,119,-16.7764674457,4997.887098
-16.610742,123,-16.6107421564,5044.888791
-17.039995,122,-17.0399948966,5089.142065
-16.917741,121,-16.9177413088,5133.778354
-17.545827,119,-17.5458271218,5178.338754
-16.743778,118,-16.7437775164,5221.325212
-17.21371,118,-17.2137095334,5264.751143
-16.358646,118,-16.358645813,5308.354923
-16.845782,121,-16.8457821281,5351.429044
-17.356779,119,-17.3567788623,5395.486421
-17.170322,123,-17.1703224453,5442.80944
-17.138941,121,-17.1389414053,5487.418274
-16.836207,122,-16.8362067225,5531.702883
-17.756488,121,-17.7564879607,5576.86357
-18.999088,123,-18.9990884148,5622.08446
-16.646727,120,-16.6467265052,5665.489741
-17.864511,120,-17.8645106117,5709.243575
-16.738178,120,-16.7381778362,5753.916451
-16.962627,117,-16.9626273467,5799.301375
-17.397537,120,-17.3975366428,5843.762653
-16.565962,120,-16.5659616306,5887.982945
-17.541963,122,-17.541962898,5931.507887
-16.324339,123,-16.3243394289,5978.92633
-17.768714,124,-17.7687141322,6026.87014
-16.802526,122,-16.8025261218,6071.610514
-16.857888,120,-16.8578880233,6115.186095
-17.289673,118,-17.2896725672,6158.620338
-17.021735,117,-17.0217352776,6202.268121
-16.872752,118,-16.8727520408,6246.060295
-16.204746,126,-16.2047458174,6291.560819
-16.94641,118,-16.9464096708,6333.785255
-17.308638,119,-17.3086378356,6376.770904
-17.035763,122,-17.0357629696,6424.133821
-18.372237,128,-18.3722372436,6470.457184
-16.915578,119,-16.9155778188,6514.279363
-17.160382,123,-17.1603818224,6561.181539
-16.612343,117,-16.6123426775,6604.277884
-17.793178,120,-17.7931778978,6648.64478
-17.625708,119,-17.6257077076,6693.671349
-17.454747,121,-17.45474714,6738.144378
-17.252424,120,-17.2524239559,6780.939091
-17.52987,118,-17.5298695212,6823.639552
-17.125584,123,-17.1255835795,6868.907679
-17.751374,124,-17.7513742859,6917.03738
-16.836076,121,-16.8360758371,6959.77118
-16.512092,122,-16.5120915585,7003.920387
-17.425996,122,-17.42599616,7048.835202
-16.665832,120,-16.6658315013,7093.832945
-17.246806,121,-17.2468060634,7139.578061
-17.409213,121,-17.4092132915,7185.293761
-17.993993,124,-17.9939925546,7232.935467
-17.666298,124,-17.6662983769,7280.183426
-16.891855,120,-16.8918545547,7328.125157
-17.360995,122,-17.3609950446,7372.130209
-18.326124,123,-18.3261240742,7415.322174
-17.035355,118,-17.0353549013,7452.421582
-17.039889,123,-17.039889028,7491.423747
-17.71166,124,-17.7116597323,7530.437476
-16.233326,119,-16.233326164,7568.868819
-15.841285,122,-15.8412847509,7608.003341
-17.084348,121,-17.0843475914,7645.069668
-16.809277,124,-16.8092767249,7682.785309
-16.78639,119,-16.7863903204,7720.589886
-16.716673,118,-16.7166727453,7758.244411
-17.12731,119,-17.1273099972,7795.679397
-16.8174,119,-16.8174000486,7833.675598
-17.267062,120,-17.2670622893,7870.311123
-16.867463,126,-16.867462699,7909.408315
-17.072822,118,-17.0728219683,7948.244409
-16.244087,119,-16.2440865087,7985.741078
-16.181709,121,-16.1817091013,8022.087638
-16.502647,123,-16.5026471308,8060.697415
-17.33965,122,-17.3396499248,8098.106335
-17.148306,126,-17.1483056677,8137.884778
-16.518679,125,-16.5186785368,8177.5559
-16.990716,121,-16.9907155455,8215.77333
-16.500545,120,-16.5005453473,8254.530418
-16.640715,123,-16.6407150548,8292.333329
-17.085659,123,-17.0856594142,8332.41399
-16.878574,122,-16.87857447,8370.437202
-17.255734,119,-17.2557344174,8407.661953
-17.296017,123,-17.2960174795,8445.318414
-17.161809,124,-17.16180888,8484.105098
-17.207004,126,-17.2070040522,8523.79577
-16.032128,122,-16.0321279149,8561.494958
-17.632398,122,-17.6323976588,8601.358251
-17.074108,122,-17.0741079918,8640.021487
-16.994847,123,-16.9948470643,8677.396666
-15.869186,119,-15.8691856066,8713.949392
-16.611226,120,-16.6112260719,8750.468233
-16.724735,125,-16.7247351757,8789.615226
-17.042894,121,-17.0428938129,8827.930923
-16.963887,121,-16.9638865635,8866.096349
-16.644071,122,-16.6440706004,8904.543384
-16.491586,120,-16.4915864997,8942.347586
-16.38388,122,-16.3838796392,8979.543926
-18.044345,124,-18.044344891,9017.416004
-16.891271,121,-16.8912711486,9055.754228
-17.048104,119,-17.0481037108,9092.335617
-17.102118,121,-17.1021178478,9130.328642
-17.368092,123,-17.3680922951,9167.409604
-16.530795,125,-16.5307953386,9206.328442
-16.938695,121,-16.9386954502,9246.282536
-16.153952,124,-16.1539521656,9283.802026
-17.01359,121,-17.0135904635,9321.217508
-16.641096,120,-16.6410964556,9357.259077
-17.388943,122,-17.3889428165,9390.938517
-17.218835,123,-17.2188347798,9424.74861
-17.41447,127,-17.4144704574,9459.348845
-17.080846,123,-17.080846097,9493.045922
-17.680242,119,-17.6802424115,9527.716766
-17.520676,125,-17.5206758125,9562.148396
-17.458999,128,-17.4589988243,9599.419607
-17.380936,126,-17.3809360022,9635.34948
-17.208902,123,-17.2089019639,9670.044114
-16.740492,124,-16.7404923054,9707.404476
-16.49492,122,-16.4949200734,9740.259072
-16.432369,127,-16.432369427,9775.86414
-16.702518,119,-16.7025182005,9807.555915
-16.437278,122,-16.437278291,9843.359008
-17.204856,126,-17.2048563005,9880.172173
-16.652663,123,-16.652662567,9915.389507
-16.700293,120,-16.7002928184,9949.134267
-17.837202,122,-17.8372024514,9982.596381
-16.662694,122,-16.6626943016,10016.814363
-15.924142,127,-15.9241422649,10053.116907
-16.634935,118,-16.6349348002,10086.175128
-17.352245,123,-17.3522447296,10121.994217
-17.22977,119,-17.2297699139,10155.430525
-16.813606,123,-16.8136055823,10190.624285
-16.898425,127,-16.8984245759,10227.389958
-17.090759,123,-17.090758991,10264.289256
-16.996732,131,-16.996731907,10302.792819
-16.442266,120,-16.4422661069,10337.690042
-15.920189,122,-15.92018931,10373.681621
-17.090119,121,-17.09011886,10411.038712
-16.870881,122,-16.8708807575,10446.510679
-16.244845,121,-16.2448449074,10480.478656
-16.645029,123,-16.6450291258,10515.466632
-16.295565,122,-16.2955648742,10549.920186
-17.352066,126,-17.3520663125,10587.795089
-17.377749,123,-17.3777487454,10624.651161
-16.875277,121,-16.8752770659,10660.498781
-16.681167,125,-16.6811667017,10696.239363
-16.132431,121,-16.1324305596,10731.467249
-15.707386,123,-15.7073863604,10768.110337
-17.11406,120,-17.1140603465,10804.588376
-16.454076,124,-16.4540760283,10839.563037
-17.406163,123,-17.4061628783,10876.730674
-16.706892,121,-16.7068924582,10913.171185
-17.61638,135,-17.6163804173,10952.041398
-16.390451,124,-16.3904508242,10988.994662
-16.554458,120,-16.5544580918,11025.78389
-16.131338,118,-16.1313378518,11059.919081
-17.230281,118,-17.2302813987,11094.09155
-17.412546,122,-17.4125457648,11130.240078
-17.302638,122,-17.3026380914,11166.665342
-17.176102,125,-17.1761015453,11203.137549
-16.210568,123,-16.2105675104,11239.906812
-17.058623,125,-17.0586230394,11276.165719
-17.041155,123,-17.0411545142,11309.892727
-16.602073,127,-16.6020730083,11347.687714
-17.389485,123,-17.3894845241,11382.804424
-16.882034,122,-16.8820336005,11419.090997
-16.336361,125,-16.3363614296,11456.221476
-16.823205,120,-16.8232046382,11492.014725
-17.034573,123,-17.0345729983,11527.386923
-16.920939,124,-16.9209387746,11562.672916
-16.899871,130,-16.8998711193,11600.241889
-17.15724,125,-17.1572402843,11638.26313
-17.2518,122,-17.2517995397,11673.29591
-16.610672,123,-16.6106719382,11708.292859
-16.894612,118,-16.8946118472,11742.024641
-16.063752,121,-16.0637519377,11776.310584
-16.621924,119,-16.6219241261,11810.518007
-16.52186,126,-16.5218596549,11846.917244
-17.31954,125,-17.3195399456,11882.191453
-16.949516,119,-16.9495156037,11917.829066
-16.407912,123,-16.407912139,11952.149184
-18.08527,128,-18.0852698341,11989.346891
-17.337379,122,-17.3373787979,12025.420573
-16.320096,120,-16.3200964139,12058.967039
-16.986005,121,-16.9860047999,12092.387941
-15.93292,126,-15.9329203494,12126.749017
-16.369291,122,-16.3692905627,12160.36873
-16.336728,121,-16.3367275696,12197.72092
-17.033986,120,-17.0339864304,12229.613955
-17.244567,122,-17.2445673794,12263.941474
-16.353683,121,-16.3536830327,12297.86565
-16.875871,128,-16.8758709729,12335.323957
-17.088323,123,-17.0883226407,12370.805416
-17.290661,120,-17.2906614318,12404.771686
-16.501378,121,-16.501377658,12438.201523
-17.220873,123,-17.2208726396,12473.036313
-16.835549,123,-16.8355486513,12507.484887
-17.446911,126,-17.4469109232,12544.365471
-18.288044,133,-18.2880443003,12582.323189
-16.972518,124,-16.9725183662,12618.170257
-16.271009,124,-16.2710092919,12652.136855
-17.030496,125,-17.0304957536,12687.307356
-16.059998,122,-16.0599977089,12721.965394
-17.182935,123,-17.1829347948,12758.228423
-16.240093,121,-16.2400926724,12793.874661
-16.787895,125,-16.7878953839,12828.71271
-16.467764,122,-16.467764483,12864.480304
-17.194593,123,-17.1945932113,12897.967352
-16.372069,122,-16.3720691154,12933.063475
-16.534569,125,-16.5345693608,12968.06092
-16.341758,121,-16.3417579072,13001.713348
-16.042059,123,-16.0420591536,13034.689239
-16.37117,121,-16.3711700784,13069.314172
-17.062083,123,-17.0620829101,13104.466435
-16.638603,121,-16.6386027852,13140.05142
-16.382989,122,-16.3829885131,13173.180328
-16.68088,120,-16.680880225,13207.39142
-16.325973,123,-16.325973091,13242.818147
-16.755848,123,-16.7558479612,13277.052683
-16.684368,120,-16.6843675339,13312.366406
-16.87444,124,-16.8744396046,13346.743241
-15.472092,119,-15.4720918001,13383.107508
-16.921388,128,-16.9213877593,13419.564369
-17.225748,127,-17.2257480341,13454.858051
-16.197186,123,-16.1971861783,13486.900743
-19.343672,143,-19.343672091,13525.354704
-17.009548,123,-17.0095482318,13558.797481
-16.227787,124,-16.2277867255,13593.438788
-16.94897,125,-16.9489702085,13628.761719
-17.336344,129,-17.3363440678,13665.565631
-16.517861,127,-16.5178606782,13700.581325
-16.220928,126,-16.2209279829,13735.455742
-16.67464,123,-16.6746399895,13769.946227
-17.039558,124,-17.0395582266,13805.820005
-16.642078,123,-16.6420783376,13841.3593
-16.717412,125,-16.717412109,13876.416878
-17.120921,126,-17.1209213377,13910.018483
-16.405677,124,-16.4056767592,13947.252483
-17.053114,123,-17.0531143727,13981.126165
-16.836007,125,-16.836007133,14015.317522
-15.926893,129,-15.9268926202,14050.886718
-16.512273,123,-16.512273309,14085.316459
-17.41089,127,-17.410889757,14119.408331
-16.689724,121,-16.6897241502,14152.2179
-16.206679,124,-16.2066788922,14185.959955
-16.043206,121,-16.04320633,14217.955012
-16.233188,120,-16.233188099,14253.554632
-16.757517,125,-16.7575169179,14288.559357
-16.353551,124,-16.3535505738,14322.558033
-18.253053,126,-18.2530528027,14356.050717
-16.092953,127,-16.092953146,14390.062295
-17.332876,128,-17.3328761538,14426.306409
-16.722968,121,-16.7229682909,14460.629557
-16.460478,123,-16.4604777957,14497.236474
-16.721561,138,-16.7215611306,14535.246932
-16.906213,125,-16.9062127549,14569.097374
-15.063778,127,-15.0637777939,14604.33395
-18.597481,134,-18.5974807087,14640.14335
-16.491137,123,-16.4911371295,14671.868692
-17.091966,125,-17.0919658428,14705.322644
-16.608876,125,-16.6088761086,14739.18273
-15.12456,138,-15.1245596315,14775.463397
-16.965646,123,-16.965646077,14808.667997
-16.394083,122,-16.3940834568,14840.082956
-15.489132,125,-15.4891318773,14873.916764
-16.30892,121,-16.3089197197,14907.27046
-16.65878,125,-16.6587800864,14941.474555
-16.568707,126,-16.5687069971,14975.526711
-16.755291,122,-16.7552911673,15009.278063
-16.203147,123,-16.2031471441,15041.765886
-15.800022,125,-15.8000223409,15077.914442
-15.913459,132,-15.9134588048,15112.772681
-16.829481,129,-16.8294807528,15145.412951
-16.899148,125,-16.8991480234,15178.138656
-15.679694,125,-15.6796937929,15209.8542
-16.546806,129,-16.546805576,15244.242064
-16.744087,124,-16.7440873469,15275.724917
-16.810983,124,-16.8109833757,15307.753759
-16.665549,125,-16.6655486849,15341.271464
-16.482111,123,-16.4821107119,15373.221857
-20.314017,158,-20.3140171557,15414.234883
-15.469661,125,-15.4696612414,15446.415498
-15.154194,130,-15.1541940334,15480.968888
-16.301227,134,-16.3012271336,15515.481878
-17.102387,122,-17.1023873754,15545.627542
-16.082133,125,-16.0821325941,15577.804662
-15.535409,122,-15.5354091908,15610.656543
-17.600147,130,-17.600147101,15643.202723
-14.449818,123,-14.4498183142,15672.960247
-16.608203,123,-16.6082031838,15704.420426
-16.084165,132,-16.0841649084,15736.708658
-16.476394,125,-16.4763943823,15768.330255
-16.277825,125,-16.2778246473,15800.62799
-16.474266,128,-16.4742656534,15833.689426
-16.127809,126,-16.1278089469,15865.321684
-18.301808,134,-18.301807707,15898.968579
-17.60098,128,-17.6009802692,15931.776795
-15.614895,140,-15.6148950198,15966.023258
-16.28352,135,-16.2835204035,16000.469593
-15.555697,121,-15.5556970516,16031.600564
-18.225784,135,-18.2257840429,16065.110934
-17.044795,136,-17.0447949316,16101.584697
-15.423943,132,-15.4239429362,16135.659512
-16.253763,130,-16.2537626483,16168.921286
-16.038271,123,-16.0382706346,16200.782157
-16.238472,124,-16.2384716773,16232.370316
-15.608212,126,-15.6082122742,16262.641496
-16.250105,133,-16.2501046475,16294.438613
-16.476523,128,-16.4765228516,16327.020029
-15.33604,131,-15.3360400759,16360.551606
-16.190426,131,-16.190426375,16393.880717
-16.266975,139,-16.2669750594,16427.913313
-17.366527,130,-17.3665272677,16460.19262
-17.273775,127,-17.2737746635,16491.943359
-15.843198,131,-15.8431976152,16523.818235
-16.78431,127,-16.7843099175,16554.95368
-15.893264,136,-15.8932637069,16588.118004
-14.702253,142,-14.7022528172,16626.003598
-14.956008,139,-14.9560082065,16658.879766
-19.458997,141,-19.4589973952,16692.980905
-14.663679,148,-14.6636789014,16729.748021
-15.152763,135,-15.1527628105,16763.055985
-15.324857,134,-15.3248571876,16795.564576
-14.060714,152,-14.0607136914,16831.574881
-16.030233,130,-16.0302331892,16862.960583
-16.420122,126,-16.4201224123,16895.036891
-16.469373,122,-16.4693726359,16925.094975
-15.762367,124,-15.7623674826,16955.250851
-15.087982,125,-15.0879819034,16986.212802
-15.538867,125,-15.5388673679,17017.253711
-16.418125,133,-16.4181246686,17050.407618
-15.307572,140,-15.3075719361,17085.578437
-16.187908,133,-16.1879082456,17122.40125
-14.43416,140,-14.4341598555,17156.484171
-16.250049,133,-16.2500492904,17189.963769
-15.420711,142,-15.4207114373,17222.660717
-17.435046,138,-17.4350459788,17252.328245
-15.588834,141,-15.5888337861,17282.09547
-16.027681,140,-16.0276809511,17310.750477
-15.753343,135,-15.7533433919,17339.644565
-15.557029,134,-15.5570286907,17368.366327
-15.209865,147,-15.2098650939,17399.871019
-15.310036,147,-15.3100363804,17430.261813
-15.249648,139,-15.2496482372,17459.38509
-14.5267,146,-14.5266998342,17490.571856
-14.799327,146,-14.7993265761,17521.237156
-6.645041,218,-6.64504146809,17570.521623
-13.844274,152,-13.8442739949,17602.078996
-16.353268,140,-16.3532684713,17631.540256
-15.437879,141,-15.4378790217,17659.285448
-15.398364,138,-15.3983643447,17688.068138
-13.522463,150,-13.5224633245,17719.487208
-9.059036,199,-9.05903625939,17761.306276
-15.900291,131,-15.9002905868,17789.844147
-14.659784,145,-14.659784373,17820.634059
-15.829811,138,-15.8298105983,17849.082647
-15.266423,141,-15.2664231678,17878.953321
-15.596657,134,-15.5966573942,17906.613764
-14.686272,147,-14.686271753,17936.293533
-18.105136,164,-18.1051357607,17971.868572
-13.041164,145,-13.0411639213,18003.435592
-12.966834,163,-12.9668337049,18035.507613
-15.881451,139,-15.8814511239,18066.818889
-12.040679,160,-12.0406787211,18105.355102
-13.311507,148,-13.311507442,18139.161966
-15.565145,159,-15.5651453025,18170.656979
-11.247407,164,-11.2474065588,18203.398046
-15.232706,156,-15.2327060366,18233.772618
-14.277599,178,-14.2775994259,18270.200526
-15.907455,139,-15.9074548076,18302.483208
-13.756087,155,-13.7560866639,18333.311422
-13.808566,157,-13.8085657472,18364.148998
-14.502571,147,-14.5025713542,18394.249395
-10.666308,182,-10.6663076897,18434.037715
-8.217249,185,-8.21724915954,18474.200542
-12.33687,171,-12.3368700642,18509.188152
-12.290761,169,-12.2907607258,18543.116644
-12.21803,178,-12.2180295215,18578.829736
-10.43464,179,-10.4346400512,18616.831938
-14.911387,158,-14.9113870331,18650.950999
1.976801,253,1.97680140596,18703.665695
-10.159277,186,-10.1592774311,18742.293018
-13.719482,166,-13.7194822538,18778.159067
51.418943,214,51.4189425616,18827.571581
49.503049,196,49.5030488145,18875.579493
32.230044,135,32.2300440351,18906.274151
-12.388613,174,-12.3886131451,18944.055532
-10.122478,176,-10.1224779181,18982.439154
-14.29366,150,-14.29365988,19017.947343
33.815413,145,33.8154130863,19052.61615
54.824803,230,54.8248031509,19107.507282
-7.002655,206,-7.00265485326,19152.338368
39.556313,144,39.5563134343,19185.280137
27.860528,121,27.8605281477,19212.387259
-4.34639,214,-4.34639046912,19262.161151
-0.218281,235,-0.218281322004,19317.377952
-11.906206,164,-11.9062055138,19356.08952
45.456274,161,45.456274087,19396.289651
3.011184,248,3.01118366632,19450.961226
-6.411408,199,-6.41140816093,19494.797309
45.902597,184,45.9025967982,19535.038418
47.404795,178,47.4047945904,19572.261123
36.323596,143,36.3235959302,19602.479171
60.826841,246,60.8268412329,19656.336733
31.249693,122,31.2496931129,19683.479089
51.579423,224,51.5794228151,19731.799103
45.675538,189,45.6755375699,19775.751112
-13.930618,176,-13.930617644,19815.632215
31.280337,134,31.2803374196,19845.174077
39.935537,151,39.9355371053,19876.38874
2.430871,257,2.4308706915,19930.430372
41.752553,153,41.7525529159,19963.100177
47.475444,170,47.4754437669,19998.670417
25.200882,126,25.200881801,20026.252953
30.611646,133,30.6116458117,20054.370718
39.615963,160,39.6159634176,20088.804094
33.267005,133,33.2670050419,20118.330003
-1.609199,224,-1.60919862483,20167.598081
34.497801,137,34.4978008048,20196.711427
46.290325,175,46.2903246831,20238.803184
33.666803,146,33.6668032044,20270.651639
25.400591,118,25.4005912938,20296.306996
31.177102,133,31.1771021826,20325.814328
29.865704,119,29.8657038659,20351.155577
46.389576,190,46.3895764999,20388.185215
37.649259,144,37.6492588714,20419.787693
25.876958,112,25.8769580071,20441.705281
38.247898,146,38.2478980134,20472.709733
26.182253,116,26.1822525917,20496.849101
31.783621,128,31.7836206986,20523.576666
34.619345,140,34.6193450431,20552.751881
28.338815,122,28.3388145026,20578.993092
31.674219,124,31.6742192488,20606.504537
26.953093,127,26.9530930291,20633.002188
47.700273,186,47.7002728871,20677.072187
49.301253,190,49.301252887,20719.070315
45.459041,162,45.4590410292,20754.497533
35.583954,141,35.5839540412,20784.333937
28.178101,116,28.1781010659,20807.803304
33.21249,126,33.2124903178,20834.449775
44.932984,172,44.9329836384,20872.048698
26.995755,121,26.9957551043,20897.271852
36.667086,140,36.6670863078,20927.166594
35.402676,136,35.4026757696,20955.095525
41.481747,170,41.4817470211,20990.348847
31.191279,129,31.1912791848,21017.396141
49.360561,202,49.3605611998,21059.402608
24.140969,108,24.1409687447,21081.882437
25.915114,117,25.9151135211,21105.402062
31.235386,123,31.2353863745,21132.526979
44.755353,168,44.7553532602,21168.525245
28.459631,117,28.4596305725,21194.586161
29.852556,127,29.8525557793,21223.090617
28.183419,118,28.1834194786,21248.203023
26.725402,121,26.7254018864,21274.145518
24.176776,107,24.1767763606,21296.64117
33.229222,126,33.2292218371,21322.720155
35.350131,144,35.3501308038,21352.574413
48.529733,183,48.5297327255,21392.044967
26.482031,114,26.4820306627,21414.176736
26.234589,115,26.2345894763,21436.163646
49.668519,191,49.6685192075,21475.196765
28.150986,122,28.1509858867,21500.285368
37.392709,142,37.3927094831,21529.782668
28.069781,116,28.0697808096,21555.434593
28.401479,116,28.4014788848,21579.861718
31.235306,119,31.2353057636,21602.921808
27.395916,120,27.3959164169,21628.681377
34.317906,126,34.3179056548,21655.552852
30.161615,117,30.1616146805,21679.879994
27.288758,115,27.2887580265,21702.52042
32.954965,130,32.954964646,21728.688232
27.242886,115,27.2428860386,21751.56391
34.223868,145,34.2238676095,21781.646618
29.574244,125,29.5742440464,21806.570292
31.509502,127,31.5095019699,21831.997292
27.497856,119,27.4978558402,21856.313441
33.741263,125,33.7412632762,21882.270031
40.516701,156,40.5167011204,21916.633616
33.230256,124,33.230256496,21941.666549
43.710017,152,43.7100174752,21976.16822
26.021213,115,26.0212132397,22002.837934
33.877624,128,33.877624257,22030.715362
26.696776,113,26.6967763374,22054.756633
33.355054,124,33.3550536372,22081.827768
35.643801,132,35.643801177,22109.392547
37.928763,137,37.928762741,22138.798839
33.060122,129,33.0601216442,22165.97368
36.592487,140,36.592486982,22196.720081
33.959227,134,33.9592266038,22224.072956
19.824211,94,19.8242108874,22243.127871
34.161198,127,34.1611984359,22270.08891
42.24811,150,42.2481096463,22303.419027
31.989869,121,31.9898687042,22328.145308
36.699259,140,36.6992593124,22358.384839
32.381665,131,32.3816649796,22385.563922
38.64113,144,38.6411302973,22418.210679
31.362006,130,31.3620058229,22445.130351
29.306004,119,29.3060039057,22469.437701
33.803353,131,33.8033526839,22497.344409
27.538082,113,27.5380817409,22520.972238
28.933092,122,28.9330917122,22546.702388
32.668911,125,32.6689108687,22574.159154
26.703668,109,26.7036682158,22595.82991
25.240029,102,25.2400293782,22617.14445
28.226015,119,28.2260146876,22642.777039
35.266873,127,35.2668727758,22669.855963
32.221111,123,32.221110938,22696.199645
31.923869,121,31.9238685649,22722.915483
29.136033,118,29.1360330215,22747.384126
36.641678,132,36.6416781977,22774.842805
37.5089,132,37.5088999842,22801.341013
32.117343,125,32.1173428073,22827.016807
29.891311,120,29.8913105731,22854.994662
28.046513,116,28.04651306,22880.12744
37.675724,136,37.675723761,22909.007941
33.340197,123,33.3401973394,22935.859079
34.282299,120,34.2822988911,22961.379376
37.401945,135,37.4019453016,22989.734228
30.453739,119,30.4537393438,23014.722097
25.94886,110,25.9488597306,23038.315596
39.803432,148,39.8034318902,23070.509686
36.081349,137,36.0813487146,23100.271353
27.36031,114,27.3603098643,23125.23439
35.595248,128,35.5952482253,23152.578272
32.48143,122,32.4814302196,23179.102878
40.249223,144,40.2492228466,23210.454015
29.863774,122,29.8637736894,23236.444425
33.656908,129,33.6569077483,23263.346028
36.673501,132,36.6735014816,23294.491398
31.204809,117,31.2048093449,23319.433921
31.871796,119,31.8717958965,23344.778289
37.289901,133,37.2899012683,23373.296793
36.825586,137,36.8255857813,23403.050484
28.02109,114,28.0210895329,23427.789653
40.905291,146,40.9052905646,23457.712706
37.53032,131,37.5303197899,23485.368552
31.685442,117,31.6854422407,23510.785187
30.519248,118,30.5192480952,23535.384683
38.332356,134,38.3323562712,23564.520399
29.696063,119,29.6960629583,23590.950361
29.339307,119,29.3393069435,23617.290036
29.253159,115,29.2531588409,23641.643397
32.87551,128,32.8755099081,23670.438774
32.04551,119,32.045510479,23694.571449
25.252395,106,25.2523950472,23719.344376
30.561433,121,30.5614330785,23746.278559
30.166592,115,30.1665918405,23770.905104
31.063391,116,31.0633913669,23797.341839
33.383265,119,33.3832652329,23822.702634
35.46202,131,35.4620195723,23850.444817
31.777027,116,31.7770268902,23875.478851
34.094457,123,34.0944569592,23902.382067
27.29981,117,27.2998103304,23928.26883
35.070357,125,35.0703569321,23954.350289
31.18355,118,31.183550278,23979.700447
36.041596,129,36.0415960065,24006.633938
42.141507,156,42.1415065282,24040.475866
46.210149,167,46.2101490497,24073.742088
30.978887,119,30.9788867653,24095.642159
25.737054,108,25.7370542711,24116.81944
33.08667,118,33.0866698958,24139.886249
29.354655,113,29.3546553415,24163.861424
29.822539,119,29.8225385875,24187.11824
36.383538,125,36.3835377637,24212.74859
29.718014,112,29.7180139711,24235.131803
35.311542,126,35.311542144,24260.302507
37.998696,129,37.998695979,24286.526117
34.162899,120,34.1628993793,24310.325239
34.117944,122,34.1179439015,24335.065212
30.401074,119,30.4010744662,24358.24722
30.281289,115,30.2812885215,24381.067654
35.207255,125,35.2072554032,24405.276942
35.201671,129,35.2016706264,24431.020339
41.052017,141,41.0520174474,24458.466584
28.781511,117,28.781511162,24481.581348
32.626196,123,32.6261961639,24504.45035
34.101808,126,34.1018077413,24528.639128
39.776371,138,39.7763706851,24556.934473
32.333822,125,32.3338222125,24582.15671
33.041797,120,33.0417969896,24606.383732
30.49486,114,30.4948595227,24628.8294
34.692383,123,34.6923834002,24653.541813
37.69377,137,37.6937701953,24681.081499
34.428063,123,34.4280627817,24705.91379
27.467132,110,27.4671318387,24727.737942
31.09252,118,31.0925199545,24750.239372
32.060109,117,32.0601090636,24773.459309
31.392345,116,31.3923448498,24796.651577
34.695881,122,34.6958806042,24821.495571
34.42471,124,34.4247101333,24846.388304
37.430452,133,37.4304520455,24873.500614
32.268549,122,32.2685487451,24898.108469
38.510566,137,38.5105661447,24925.085383
36.716983,129,36.7169833288,24949.876821
40.299556,139,40.2995559545,24978.571568
31.40138,115,31.4013801759,25001.774543
35.070153,127,35.0701526675,25027.00217
35.852789,128,35.85278915,25052.718344
32.909494,120,32.9094938985,25076.080553
29.231085,115,29.2310848557,25099.657677
34.406364,118,34.4063637216,25123.648986
37.188141,132,37.1881406084,25150.011986
34.427983,120,34.4279833226,25174.134238
28.670906,116,28.6709059209,25197.360244
33.598769,119,33.5987685845,25221.559516
34.529,124,34.5289997602,25246.877531
35.025024,126,35.0250238568,25272.990109
34.853098,120,34.8530975897,25297.236588
34.712614,123,34.7126137067,25321.50298
38.954171,134,38.9541712208,25348.834432
36.14194,134,36.1419403991,25375.993028
33.993797,123,33.9937968535,25402.37455
36.54578,129,36.5457801915,25429.225918
36.549544,125,36.5495437266,25454.501058
35.814805,129,35.8148049962,25480.752609
31.845093,115,31.845092699,25504.10713
33.917114,120,33.9171144411,25528.354624
32.476592,120,32.4765916029,25552.7091
37.852283,125,37.8522834198,25578.605217
31.220306,115,31.2203057919,25601.688086
33.464047,117,33.4640467314,25625.615702
37.440731,135,37.4407310078,25653.045632
35.923338,124,35.9233382085,25677.928988
36.429204,128,36.4292044484,25704.053256
35.177313,122,35.1773131983,25729.359652
33.092294,120,33.0922943571,25753.770628
34.461609,121,34.4616092994,25778.508427
33.129851,122,33.1298513588,25804.857694
37.361995,128,37.3619947482,25831.012953
36.981204,125,36.981203795,25856.572731
37.630978,130,37.6309778297,25883.240784
39.374553,139,39.3745531543,25911.187281
29.231496,107,29.2314964274,25933.522228
36.330553,123,36.3305526607,25959.022075
36.562359,122,36.562358769,25984.455187
34.395718,120,34.3957181355,26009.646569
37.221578,130,37.2215784236,26036.234821
30.916327,118,30.9163272226,26060.443063
32.194093,120,32.1940932537,26084.507125
35.697056,125,35.6970560666,26110.5463
36.56616,130,36.5661597804,26137.012877
37.575164,125,37.5751636389,26162.010786
39.119439,133,39.1194393963,26188.915724
39.297552,132,39.2975518032,26215.35113
35.88261,131,35.8826101024,26244.164216
38.653203,125,38.6532025484,26269.668108
38.623192,131,38.6231917857,26297.195187
32.864244,117,32.8642439742,26320.148153
41.029091,142,41.029091153,26349.318774
39.698664,132,39.6986641724,26376.220853
40.147083,137,40.1470834444,26404.123442
35.390773,125,35.3907733365,26430.099838
39.558313,133,39.5583131769,26457.183442
36.998568,127,36.998568479,26483.003014
37.12112,127,37.1211197901,26508.119124
38.95704,129,38.95703999,26533.05477
39.746689,131,39.7466887669,26559.023923
39.883578,137,39.8835782562,26586.482194
35.318464,123,35.3184643811,26610.616007
40.837275,134,40.8372747968,26638.977185
36.705568,125,36.7055681262,26664.915481
37.090095,126,37.0900950689,26690.887931
40.050771,134,40.0507706731,26717.385438
38.110257,129,38.1102571385,26742.710266
36.46255,122,36.4625495987,26766.962758
35.631137,128,35.6311373834,26794.006011
36.994284,122,36.994284249,26818.432367
35.792387,125,35.792386569,26843.458308
38.233856,125,38.2338562859,26868.926416
40.542981,135,40.5429812406,26896.815318
41.315336,142,41.3153356881,26925.799768
39.460832,136,39.4608320056,26954.01761
32.282486,116,32.2824855385,26977.541282
42.252959,137,42.2529594656,27004.855508
42.659667,146,42.659667119,27035.078296
35.209628,124,35.2096277504,27062.15889
35.713267,123,35.7132674438,27087.671301
38.023914,127,38.0239136182,27113.697427
39.679638,131,39.679638089,27140.302272
47.573151,163,47.5731505739,27173.882425
40.989139,131,40.9891388067,27200.373332
37.925897,127,37.9258966421,27226.585971
39.37464,131,39.3746397092,27254.173992
39.378496,128,39.3784957945,27280.728422
41.352296,135,41.3522961415,27309.106265
38.855453,138,38.8554526944,27336.386717
40.945382,136,40.9453818776,27364.526134
32.93811,119,32.9381099483,27389.643362
40.82421,135,40.8242097865,27417.111835
40.038975,134,40.0389752594,27445.848583
40.69768,133,40.6976799762,27473.463744
37.20589,121,37.2058904557,27501.130109
39.050011,130,39.0500111797,27529.566298
35.520034,117,35.5200340026,27554.777364
39.338998,130,39.3389979724,27581.810383
38.081531,131,38.0815314641,27609.103905
40.018615,136,40.0186152298,27637.792583
40.602344,144,40.602343744,27668.502184
37.451351,124,37.4513507548,27694.660849
43.159574,145,43.1595740139,27725.545733
37.301843,124,37.301842538,27752.242152
37.58102,126,37.5810203654,27778.597963
40.665712,134,40.6657115099,27806.955794
39.795322,134,39.7953217464,27835.628561
35.883104,125,35.8831041906,27862.131467
34.535318,121,34.535318248,27887.823044
39.259408,132,39.2594080678,27916.799723
37.432491,126,37.4324912308,27943.888725
41.281711,132,41.281710618,27971.527335
31.837058,113,31.8370582215,27995.814203
36.549473,126,36.5494725254,28022.828332
41.824377,136,41.8243769747,28052.735333
39.160837,128,39.1608369471,28080.528794
42.516765,140,42.5167650873,28110.63931
40.708377,128,40.7083774211,28138.03283
37.178334,125,37.1783342931,28164.634085
42.066619,133,42.0666194055,28192.645804
36.784979,127,36.7849785928,28219.824684
40.153427,133,40.1534269021,28247.663607
36.790937,122,36.7909369206,28273.813997
42.308746,137,42.3087457007,28302.541202
36.743414,122,36.7434138918,28329.060643
39.400021,124,39.4000207545,28357.60296
39.620648,128,39.6206478375,28384.939288
43.399337,141,43.3993367099,28414.850401
43.416544,137,43.4165438134,28443.932989
37.031777,123,37.0317772622,28470.181455
39.05038,132,39.0503795971,28499.458066
39.901895,128,39.9018950561,28526.660935
37.533856,128,37.5338555137,28554.142388
39.44782,130,39.4478199354,28582.735821
38.396038,123,38.3960383046,28608.601691
31.647121,114,31.6471213789,28633.195174
30.888756,112,30.8887559818,28657.253188
38.124504,124,38.1245035301,28683.3232
38.402241,124,38.4022413237,28711.018543
43.569302,142,43.5693020865,28741.456738
35.265423,121,35.2654226235,28768.013757
37.048663,122,37.0486632849,28795.59227
37.396938,124,37.3969382084,28822.51299
36.581387,118,36.5813868898,28848.041661
36.958723,121,36.9587225914,28873.214841
32.998678,112,32.9986781406,28897.269841
41.179771,134,41.1797714753,28925.824626
37.992376,127,37.9923759213,28953.039174
41.982377,138,41.9823765762,28982.362858
41.580493,132,41.5804925681,29010.669369
38.237451,125,38.2374507114,29037.930275
38.394625,128,38.3946252889,29065.260483
42.675555,135,42.6755549773,29094.20946
35.83515,121,35.8351498995,29120.446508
44.136265,143,44.1362645243,29150.967448
39.937046,140,39.9370455344,29180.850471
41.629577,139,41.6295774653,29210.495544
43.885141,150,43.8851406248,29243.805912
38.8788,122,38.8787998195,29270.439997
39.89189,126,39.891890186,29297.773816
41.295404,134,41.2954035367,29326.336347
39.363773,125,39.3637725463,29353.426059
42.572429,135,42.5724294408,29383.642001
35.421434,119,35.4214339674,29408.977524
45.804868,152,45.8048675677,29442.154272
38.586431,128,38.5864312193,29469.651538
39.708953,125,39.708953021,29496.707066
38.534001,126,38.5340005246,29523.781854
39.924744,128,39.9247440286,29552.017368
45.486934,149,45.486933806,29585.107839
40.276094,134,40.2760936883,29614.229084
43.055436,140,43.0554358209,29643.877306
36.133234,118,36.1332341599,29669.741142
37.756136,126,37.7561363793,29697.93755
37.992838,128,37.9928384202,29724.782269
39.199974,126,39.1999743318,29752.038277
39.732077,130,39.7320767741,29779.890012
41.864201,136,41.8642010721,29809.051211
40.722933,129,40.7229327483,29837.0445
38.193596,126,38.1935957406,29863.531817
40.11564,128,40.1156398605,29890.684823
40.274159,132,40.2741593644,29919.290261
36.962665,121,36.9626647374,29945.412286
36.473486,122,36.4734858771,29972.131783
41.120011,131,41.1200113035,30000.838315
42.12175,135,42.1217496463,30030.155734
41.736071,131,41.7360711492,30058.444975
37.093211,122,37.0932110183,30084.711883
36.379565,125,36.3795650399,30111.166981
37.019542,127,37.0195415936,30139.763721
37.059998,125,37.0599977212,30167.11457
35.398217,117,35.3982170127,30191.991096
44.366258,144,44.3662581812,30223.364264
38.397043,124,38.3970427785,30250.150413
36.177137,116,36.1771373067,30275.578699
37.015049,123,37.015049374,30302.776383
36.981114,127,36.9811135412,30330.361053
39.604613,128,39.604613183,30358.644141
37.560685,119,37.5606853487,30384.383312
38.192055,124,38.1920552041,30410.912546
40.03239,126,40.0323898848,30437.635115
39.967823,129,39.9678233353,30464.847114
38.249125,126,38.2491246127,30491.57958
36.071528,124,36.0715279981,30517.988327
37.836713,124,37.8367129229,30545.357153
40.7903,128,40.7903001365,30574.897521
36.843791,124,36.8437910462,30601.350748
37.8474,129,37.8474001673,30630.033431
40.630977,139,40.63097689,30660.20327
37.193691,122,37.1936914336,30686.819425
39.033278,122,39.0332775518,30713.109051
37.891974,125,37.8919743618,30741.113566
36.156327,117,36.1563269762,30765.413858
39.631821,124,39.6318211503,30792.447599
40.295675,126,40.2956748551,30820.9017
40.170488,128,40.1704875003,30849.672898
40.777576,130,40.7775764887,30876.940272
41.957441,141,41.9574407024,30905.532489
37.630515,123,37.6305152869,30931.307606
41.799976,133,41.7999755706,30958.428141
39.146169,127,39.1461691508,30984.388023
37.575276,123,37.5752755473,31010.735306
41.065539,127,41.0655390144,31036.480204
38.669986,123,38.6699864579,31061.89338
39.117792,126,39.1177920271,31088.644163
41.855496,132,41.8554955347,31115.997388
38.507886,128,38.5078860662,31141.910667
37.229356,122,37.2293557308,31166.468785
35.787187,117,35.7871874095,31190.300795
37.870175,124,37.8701753193,31216.18796
42.662,138,42.662000282,31244.316543
32.135328,113,32.1353279878,31267.601166
38.283501,125,38.2835012545,31293.185098
38.308512,128,38.3085123466,31319.788883
39.037197,128,39.0371968691,31346.078352
38.760626,132,38.7606263798,31373.701589
41.432737,131,41.4327367914,31400.31009
38.787105,134,38.7871054554,31429.415089
36.662699,119,36.6626989833,31453.733981
39.246356,125,39.2463559093,31480.025818
40.108194,134,40.1081941236,31507.713682
36.853539,125,36.8535389488,31533.112093
38.982977,129,38.9829765923,31560.647142
39.179107,124,39.1791068118,31586.951473
43.478663,141,43.4786625429,31616.178365
38.992102,122,38.9921021112,31641.59942
40.92777,132,40.9277699473,31669.664919
42.670967,147,42.6709671539,31700.27988
39.313298,129,39.3132984324,31726.834918
37.797346,127,37.7973459163,31753.113983
41.187028,131,41.1870282383,31780.362443
35.216697,120,35.2166972251,31805.737249
39.37205,122,39.372050457,31831.398248
39.617623,128,39.617623416,31859.688719
39.62219,127,39.6221900093,31886.381605
41.170088,132,41.1700884221,31914.033404
41.306622,132,41.3066222612,31941.390693
36.041757,122,36.0417570009,31966.601087
38.48297,122,38.4829703944,31992.531039
40.829561,129,40.8295606756,32019.297671
37.398641,127,37.3986411795,32045.762128
33.794242,115,33.7942422922,32068.974594
44.847864,149,44.8478641199,32100.781091
34.145721,115,34.1457206556,32124.693285
39.479287,127,39.4792872104,32151.186995
41.773013,134,41.7730126011,32179.693751
37.980542,122,37.9805418014,32205.137781
37.746176,125,37.7461756593,32230.996518
42.648475,136,42.6484745312,32259.291179
40.618462,126,40.6184618471,32286.708658
32.818584,111,32.8185836646,32309.377608
41.148795,128,41.1487948993,32336.364854
41.303734,131,41.3037343663,32363.708371
39.892343,135,39.8923430384,32392.699551
40.393906,129,40.3939063551,32419.625044
42.244672,134,42.2446721802,32448.341813
39.84697,125,39.846969511,32475.168147
40.379797,128,40.3797972439,32501.681674
41.29788,133,41.2978798047,32529.868892
39.736604,127,39.7366039066,32556.381603
41.530922,131,41.5309222194,32584.78475
40.511386,131,40.5113860959,32612.080203
35.593693,117,35.5936926739,32637.08218
38.482569,128,38.4825686782,32664.682006
35.437993,118,35.4379928501,32690.014581
39.07499,125,39.0749902692,32716.616025
40.795703,135,40.7957025589,32747.228011
37.663625,121,37.6636254149,32773.064897
35.062379,118,35.0623792589,32798.018408
38.617359,124,38.6173593288,32823.569155
37.253547,121,37.2535469378,32849.253499
40.570243,129,40.5702430862,32876.305915
41.635733,134,41.6357330805,32904.390679
36.875425,118,36.8754251106,32929.740951
43.264324,135,43.2643243892,32957.693098
41.433836,133,41.4338364996,32985.492693
39.737869,127,39.7378685961,33012.740905
35.869419,119,35.8694193521,33037.996325
40.097838,126,40.0978377904,33064.178408
39.11343,126,39.1134297946,33091.572644
43.441612,140,43.441612323,33121.907535
40.684064,129,40.6840643019,33149.187706
40.350734,135,40.3507337067,33179.332214
41.267433,133,41.2674332253,33208.452022
40.535802,129,40.5358019469,33236.577122
41.075987,129,41.0759868911,33264.061571
40.20727,126,40.2072704625,33291.222199
40.11502,127,40.1150202649,33318.424154
40.747695,129,40.7476953706,33346.074382
37.017478,121,37.0174779887,33372.630259
39.340086,136,39.3400860713,33402.118889
39.234528,125,39.2345278663,33428.689971
41.01603,132,41.016030263,33456.459328
39.372323,123,39.3723230261,33482.720598
39.610293,127,39.6102933567,33509.695555
38.203888,120,38.2038879718,33535.009274
32.796552,111,32.7965520469,33559.141392
39.176897,124,39.176896536,33585.872835
44.474637,148,44.4746371167,33619.647292
40.028704,127,40.0287036349,33646.129796
40.913878,129,40.9138780027,33673.946476
39.061982,121,39.0619820648,33699.606961
40.181951,125,40.1819513679,33726.914633
39.653036,123,39.6530356152,33753.214881
40.568913,127,40.568913424,33780.830346
39.031363,123,39.0313632528,33806.978143
38.565147,124,38.5651473317,33833.393665
37.29609,120,37.2960899703,33859.005356
42.259033,134,42.2590334477,33888.104941
39.302925,125,39.3029248812,33915.294808
40.597091,132,40.5970912282,33943.788894
42.763892,135,42.7638920993,33973.691277
40.915709,127,40.9157086418,34000.861331
37.905225,123,37.9052252885,34026.291772
40.073479,127,40.0734788727,34055.398328
38.798136,122,38.7981363041,34081.612406
41.49623,128,41.4962300952,34109.48028
41.933983,132,41.9339828565,34138.611242
41.28982,130,41.2898201686,34166.310477
42.017652,138,42.0176521838,34196.103608
42.079317,138,42.0793170547,34226.463271
39.128232,123,39.1282324156,34253.712827
36.340123,119,36.3401233522,34279.301669
40.466702,127,40.4667015374,34306.731478
40.484833,124,40.4848325539,34333.555691
38.654651,119,38.6546507623,34359.566019
39.232593,123,39.2325926134,34385.664665
40.027769,124,40.0277689603,34412.391602
41.598236,130,41.5982360025,34440.078752
40.729071,130,40.7290714961,34468.912937
38.981473,123,38.9814734594,34497.174546
37.609234,121,37.6092341048,34522.986946
37.134134,120,37.1341335674,34548.807189
40.02897,131,40.0289703024,34577.006893
55.084877,189,55.084877464,34618.828359
39.00468,121,39.0046802039,34644.607014
40.615609,127,40.6156086395,34672.013005
41.306185,123,41.3061848765,34698.712553
41.412317,128,41.4123169935,34727.334463
36.500002,116,36.5000016854,34752.038027
38.013626,123,38.0136264337,34778.707257
34.410065,114,34.4100653301,34803.60464
35.640085,115,35.6400847527,34827.616982
36.9122,117,36.9122001326,34853.259946
43.558914,136,43.5589142233,34882.497159
38.611304,122,38.6113041686,34909.004598
40.885767,125,40.8857666787,34937.782594
39.918513,125,39.9185126074,34964.362267
39.575723,124,39.5757225893,34991.98999
43.352043,133,43.3520428515,35020.798228
38.289053,120,38.2890534723,35046.874727
42.37412,130,42.3741201958,35074.686769
39.375423,124,39.3754225661,35102.532997
38.616548,123,38.6165479594,35129.283547
36.1729,122,36.1729001359,35156.439424
38.428748,123,38.4287477849,35182.930546
39.265291,122,39.2652911248,35209.733849
40.242517,126,40.2425167747,35236.94855
41.934921,129,41.9349211257,35264.49948
38.02583,119,38.0258299601,35290.191631
37.250755,119,37.2507547369,35316.440301
34.092849,114,34.0928491052,35341.843159
38.654025,122,38.6540254447,35368.955198
41.273496,129,41.2734956065,35398.936167
36.754382,117,36.7543815849,35425.045676
42.767872,132,42.7678722286,35453.871113
41.15717,126,41.157169788,35481.672898
41.537173,129,41.5371732927,35510.358143
36.169925,121,36.1699254435,35537.77887
34.481852,116,34.4818522409,35563.758456
41.10054,126,41.1005401151,35591.84302
38.953209,127,38.9532092042,35620.129576
43.700832,134,43.7008317834,35649.343023
40.008437,129,40.0084374088,35678.656364
39.592689,126,39.5926891648,35706.172159
41.618994,134,41.618994384,35735.943746
38.000417,120,38.0004166132,35763.023645
40.329423,129,40.329423179,35790.816453
42.921238,134,42.9212380963,35821.133392
40.075507,124,40.0755065862,35849.492321
42.125163,129,42.1251633683,35878.441801
41.946125,131,41.9461245338,35908.60218
40.159913,123,40.1599125088,35935.776819
40.672549,126,40.6725490894,35964.907306
38.359945,119,38.3599450752,35991.674362
43.323596,136,43.3235963879,36022.385939
40.449856,125,40.4498561078,36050.054098
43.548351,138,43.5483510279,36080.409004
44.048402,137,44.0484021306,36111.098499
42.859906,136,42.8599060869,36141.093739
41.165702,129,41.1657019405,36169.524005
38.844191,121,38.8441908747,36196.476587
40.111157,126,40.1111571518,36224.879959
44.939563,130,44.9395626463,36253.867564
40.504483,125,40.5044830999,36282.52639
39.201005,123,39.2010048716,36311.97612
41.951265,136,41.9512645785,36342.095997
41.374333,133,41.3743330412,36374.340467
45.110024,141,45.1100237679,36406.178095
42.810445,134,42.810444987,36435.754131
44.939318,136,44.9393179558,36466.373413
40.283656,125,40.2836559331,36494.428318
36.402458,116,36.4024581474,36520.308166
42.70393,132,42.7039304117,36549.613806
41.683055,126,41.6830550055,36578.240637
41.945566,129,41.945566194,36607.06347
41.639563,125,41.6395626545,36634.583474
42.243913,129,42.2439126032,36663.969358
49.123522,149,49.123522377,36697.177947
43.65001,133,43.6500104587,36726.634964
43.389457,133,43.3894573627,36757.369277
45.293576,143,45.2935756254,36789.240348
39.819542,123,39.8195417296,36816.961101
45.786057,140,45.7860571167,36848.353936
36.075237,115,36.0752371484,36873.799141
48.788491,153,48.7884905301,36908.669578
43.277486,137,43.2774859084,36939.198888
38.742061,120,38.7420610644,36966.436609
44.359335,140,44.3593353935,36998.151747
43.484156,130,43.4841555871,37027.748062
39.643779,128,39.6437789941,37056.073547
41.373764,127,41.3737637032,37084.855298
43.043276,132,43.0432755858,37114.632407
44.00015,138,44.0001499947,37145.281187
40.998558,123,40.9985580647,37172.640602
42.848326,130,42.8483257289,37201.917744
39.986368,121,39.9863679126,37230.844209
40.567037,123,40.5670372414,37258.183278
44.53131,135,44.531309849,37288.182768
39.093686,120,39.0936857289,37315.325012
39.65587,121,39.6558697602,37341.943768
39.593327,123,39.5933273779,37369.205837
47.191369,142,47.1913692832,37401.265882
39.34597,124,39.3459700967,37428.944273
41.934691,131,41.9346908743,37458.400553
35.22802,112,35.2280203835,37483.198025
42.474057,128,42.4740572713,37512.527996
41.245028,128,41.2450284226,37541.508337
40.516968,122,40.5169677838,37569.528339
41.128991,127,41.1289905721,37598.116739
42.231055,127,42.2310551404,37626.527231
45.547813,138,45.5478133651,37657.586888
37.626228,122,37.6262283155,37686.2133
39.961595,121,39.9615945059,37713.704872
42.240184,129,42.2401843088,37743.624458
42.972014,130,42.9720142835,37772.809827
65.795354,204,65.7953535625,37819.034264
39.878074,121,39.8780741274,37847.826355
41.041237,124,41.0412373904,37876.210876
47.333019,142,47.3330193548,37907.989298
56.23859,186,56.238589966,37949.500385
50.423806,160,50.423805522,37985.469644
41.202389,122,41.202389282,38013.049455
54.555472,173,54.5554723679,38105.827774
44.206388,136,44.2063876953,38136.426541
43.919762,132,43.9197624435,38166.479375
43.020263,134,43.0202634841,38196.297469
49.317048,147,49.3170475327,38230.874729
43.352977,132,43.352977145,38261.462305
42.181403,127,42.1814025759,38290.464695
37.124874,117,37.1248741561,38317.965389
43.891237,134,43.8912373151,38348.757923
62.393436,195,62.3934359383,38394.811119
45.189402,143,45.1894020206,38428.731082
42.25203,130,42.2520302361,38459.197745
40.843245,127,40.8432451169,38488.461189
69.708246,227,69.7082457945,38558.231347
42.915158,125,42.915158228,38587.215077
19.022939,89,19.0229388118,38607.841468
41.005759,126,41.0057588875,38636.593043
44.391464,128,44.3914639975,38666.463165
42.508348,130,42.5083480235,38697.163646
41.472896,123,41.4728963335,38725.285421
49.72598,148,49.7259800267,38759.847375
43.531913,130,43.5319128706,38789.757904
54.749575,163,54.7495748319,38827.075689
42.246463,129,42.2464626913,38856.425372
44.005257,131,44.0052566839,38887.19241
39.048409,123,39.0484091689,38916.344576
36.165419,121,36.1654187931,38944.256816
45.404829,132,45.4048286707,38974.399469
47.847587,148,47.8475869893,39008.431477
41.869374,128,41.8693743047,39046.308531
56.213895,175,56.2138950912,39099.190481
43.399218,130,43.3992183392,39128.360319
45.699446,135,45.6994462825,39158.825135
44.685222,132,44.6852219175,39191.362388
47.110954,131,47.1109539968,39221.778036
48.230468,139,48.2304677604,39253.667979
40.733738,123,40.7337378346,39282.817637
42.184306,125,42.184305957,39311.163799
49.313975,147,49.3139745841,39344.648844
44.45319,133,44.4531902776,39375.965831
20.60142,104,20.6014204601,39399.78159
42.09597,122,42.0959697253,39429.523738
45.819942,139,45.8199423057,39463.171075
43.363129,129,43.3631290233,39492.565767
46.32958,136,46.3295804824,39524.514537
40.527662,213,40.5276615774,39573.992882
46.105288,138,46.1052882033,39606.629082
46.497297,141,46.497296648,39638.465432
42.321215,128,42.3212146947,39669.597281
45.838987,129,45.8389867398,39698.979707
41.034875,123,41.0348745445,39726.883106
48.578149,145,48.5781486033,39759.571674
47.610017,137,47.6100168311,39790.213472
48.240848,168,48.2408478204,39830.681963
49.411739,149,49.4117386471,39864.870899
47.148633,141,47.1486332894,39898.124707
47.730427,140,47.7304266464,39930.361338
47.204619,135,47.2046188436,39962.205956
51.125988,161,51.1259883625,40025.87995
49.164758,145,49.1647575816,40059.305092
45.312248,133,45.3122478812,40088.927361
45.667367,139,45.6673668901,40121.116313
51.252489,156,51.2524890286,40157.34604
57.636068,178,57.6360676096,40200.697184
46.503745,134,46.5037449437,40231.961352
39.067364,119,39.0673635728,40260.442517
62.139786,187,62.1397860541,40305.001247
45.674884,133,45.6748844784,40339.736133
60.041436,184,60.0414358319,40383.9469
31.429266,123,31.4292661056,40412.771102
46.463806,135,46.4638063964,40443.719548
44.106057,140,44.1060565137,40478.625248
37.667501,114,37.6675012464,40506.282627
48.734976,150,48.7349763726,40541.345089
49.829057,146,49.8290566894,40575.463941
51.879883,150,51.8798828775,40610.013438
45.008872,137,45.0088724907,40642.417612
49.311672,138,49.311671555,40677.340354
40.562471,140,40.5624709727,40710.496725
54.938101,158,54.9381007908,40748.88094
51.311254,145,51.3112544586,40784.757047
50.561918,150,50.5619177777,40820.532922
50.655747,150,50.6557466433,40855.400337
52.845091,153,52.8450907672,40905.154876
43.115947,129,43.1159465939,40935.211961
52.761725,149,52.761725383,40971.75098
41.931239,128,41.9312387568,41001.535861
30.317895,145,30.3178946005,41039.136626
54.990182,169,54.9901815606,41079.602603
53.382463,158,53.3824634014,41116.743722
56.270054,177,56.2700542238,41158.30364
49.544528,148,49.5445277456,41194.209591
48.395301,141,48.3953012719,41227.562092
43.410768,137,43.4107682462,41259.001751
43.836146,130,43.8361461719,41288.830913
52.755972,153,52.7559723531,41324.59555
28.620436,117,28.620435795,41352.823982
55.977004,174,55.9770036056,41396.025588
44.577927,136,44.5779270691,41427.729686
47.670778,138,47.6707780372,41459.885588
46.81514,135,46.8151400677,41490.887737
55.923922,168,55.9239219533,41533.029944
45.064466,137,45.0644661985,41565.614008
55.601822,167,55.6018222706,41605.736791
46.251529,133,46.2515290915,41636.584305
51.381769,146,51.381769281,41672.519545
43.16242,128,43.1624204373,41702.379092
51.778714,149,51.7787142109,41737.927274
48.32358,145,48.3235801123,41783.062567
39.212468,123,39.2124682281,41812.72934
47.145875,136,47.1458746959,41844.046193
51.440389,151,51.4403894567,41879.932127
49.378816,140,49.378815739,41913.065961
47.534011,140,47.5340107219,41946.318004
51.264389,153,51.2643891031,41982.505705
41.992476,138,41.9924764418,42015.511872
44.936517,129,44.9365170866,42046.890329
47.557846,138,47.5578461184,42082.910036
66.773339,215,66.7733391218,42133.504546
50.88207,148,50.8820696566,42169.476838
50.556775,146,50.5567751556,42204.735376
50.606416,147,50.6064164428,42239.722578
48.754997,139,48.7549968396,42273.863249
48.933579,142,48.9335786808,42308.389008
50.76178,147,50.7617798125,42343.399466
43.97929,136,43.9792902429,42376.761685
46.182168,132,46.1821684376,42409.141484
53.582966,163,53.5829659568,42447.678535
25.441763,102,25.4417626746,42472.147991
50.471118,149,50.471117983,42529.963524
50.571181,143,50.5711806352,42565.127485
42.617098,132,42.61709825,42596.599941
49.556094,144,49.5560939306,42630.994039
47.261437,138,47.2614371344,42665.116288
48.186689,144,48.186689265,42699.610089
49.730455,148,49.7304545451,42734.059556
52.044523,149,52.0445229863,42768.646322
44.167886,127,44.1678858666,42798.370283
64.504785,194,64.5047851877,42846.252655
45.047439,135,45.0474387724,42889.270018
54.166326,162,54.1663258957,42928.671743
47.551512,136,47.5515116275,42962.207153
53.433141,153,53.4331412189,42998.670198
52.001117,154,52.0011168058,43039.961783
40.896668,130,40.8966676397,43071.058921
49.782639,141,49.7826389581,43104.740573
37.021474,118,37.0214744683,43133.218317
53.223491,151,53.2234912368,43170.450029
53.87584,160,53.8758403429,43226.374622
45.521955,130,45.521955207,43257.355408
47.40269,140,47.4026895811,43291.081796
47.682064,147,47.6820641342,43327.043458
43.335476,134,43.3354763823,43358.473308
51.857863,149,51.857863416,43413.930559
47.69803,139,47.6980296565,43447.359784
51.813862,148,51.8138618826,43483.365463
51.759875,147,51.7598753451,43519.095335
55.202999,167,55.2029991354,43558.52373
54.82344,166,54.8234402505,43597.72222
55.661372,176,55.6613723561,43659.023838
51.047814,151,51.047813574,43694.163971
47.484658,141,47.4846582795,43729.768832
29.676913,110,29.676912678,43758.204771
36.778977,119,36.7789766192,43787.768325
41.182503,123,41.1825033184,43818.967099
52.309453,143,52.3094527782,43855.285666
53.179297,153,53.1792974096,43893.111977
50.978659,144,50.9786593704,43928.774949
50.241118,142,50.2411177999,43963.556758
51.20087,147,51.200870299,44000.092137
56.397654,171,56.3976543113,44087.817402
52.695931,148,52.6959306344,44124.661168
56.318805,172,56.3188049917,44173.481858
49.674524,149,49.674523908,44209.388732
48.156006,137,48.1560061905,44242.54765
52.913033,157,52.9130326987,44282.596909
45.308384,130,45.3083836154,44314.952385
49.38688,148,49.3868799638,44352.20054
55.546124,156,55.5461243215,44394.516254
49.83172,138,49.8317195783,44439.430648
53.820638,156,53.8206379897,44477.091152
50.153972,140,50.1539721368,44510.800956
46.828968,130,46.8289677874,44542.520321
46.787153,131,46.7871525766,44574.72209
52.353222,155,52.3532222022,44613.373409
44.008246,131,44.0082459766,44645.982209
50.990142,147,50.9901415976,44683.077716
54.093518,150,54.093518085,44733.05691
51.287784,139,51.2877842209,44780.551903
37.29935,121,37.299349827,44811.74138
55.163578,158,55.1635780892,44852.207359
54.939808,157,54.9398079803,44891.641293
46.858271,144,46.8582707758,44928.27608
53.587165,154,53.5871647749,44973.149371
49.481272,140,49.4812720336,45008.625885
54.21229,157,54.2122901158,45047.463155
54.103302,154,54.1033018481,45088.335352
46.074822,134,46.0748216271,45133.778633
56.304,154,56.3040004654,45173.987993
52.673338,153,52.6733381057,45212.453614
52.539726,148,52.5397261454,45262.300393
53.290902,148,53.2909015151,45300.270135
58.561722,173,58.5617217275,45348.171926
59.769868,172,59.7698676216,45414.141741
50.392733,139,50.3927326803,45450.327887
46.358608,137,46.3586084379,45486.554986
49.089746,144,49.0897462449,45522.628293
51.235055,152,51.2350552895,45581.749627
48.591663,135,48.5916628209,45617.931807
52.990296,145,52.990295773,45655.714641
51.917004,143,51.9170044934,45693.383002
59.500602,177,59.5006019633,45739.949482
54.228539,156,54.2285388109,45780.161448
52.397771,149,52.3977711391,45894.286778
52.496877,143,52.4968765171,45939.869314
52.420114,145,52.4201139664,45976.741052
46.016039,127,46.0160389965,46041.771973
47.787489,133,47.7874891016,46079.065326
54.380297,152,54.3802968214,46119.614599
50.868002,148,50.8680019135,46192.104606
55.247763,160,55.2477634927,46235.889393
50.503211,141,50.5032114938,46332.011521
54.55089,155,54.5508900916,46381.781557
55.252688,154,55.2526879224,46422.120113
56.067535,151,56.0675350507,46501.118795
41.500652,130,41.500652023,46534.880084
59.134145,173,59.1341451699,46583.126275
53.906775,144,53.9067746443,46622.103354
52.685362,143,52.6853624552,46661.022971
55.513923,153,55.5139231743,46704.463918
53.577604,150,53.5776038905,46745.378337
54.664664,150,54.6646635401,46786.2339
41.654789,118,41.6547892161,46817.052691
53.622088,150,53.6220876836,46868.856344
56.817023,161,56.8170228434,46916.992468
55.91489,152,55.9148899696,46958.135426
57.568351,162,57.5683513157,47001.362961
46.491886,128,46.491886448,47036.089001
53.426216,155,53.4262157707,47143.022248
56.269218,153,56.2692176334,47183.285316
55.084918,153,55.0849180145,47223.297257
33.482357,135,33.4823572345,47258.942893
52.704196,143,52.7041959777,47298.238658
52.593835,149,52.5938347337,47336.844786
57.637954,157,57.637953677,47389.638022
58.166954,162,58.1669535405,47433.706856
61.29931,171,61.2993097024,47477.61622
58.619887,170,58.6198872002,47523.643635
62.93647,175,62.9364704519,47570.806934
53.197803,144,53.1978031849,47608.120015
51.069925,138,51.0699250734,47671.475715
49.852451,137,49.8524505229,47722.82597
55.392491,151,55.3924906462,47763.06099
52.520788,145,52.5207878327,47801.995396
51.731138,140,51.7311376515,47881.887422
58.085938,168,58.0859381257,47927.385893
66.857808,189,66.8578078272,47976.71708
51.467719,142,51.4677187151,48016.360109
55.214335,157,55.2143346271,48065.104483
55.206917,166,55.2069168891,48109.631488
59.048443,162,59.0484433457,48175.221356
58.679298,174,58.6792978284,48271.084154
42.29755,124,42.2975499427,48317.654435
56.520177,156,56.5201768845,48360.856161
58.251142,152,58.2511415635,48402.741792
54.452576,146,54.4525755005,48450.092807
57.166132,161,57.1661323134,48494.653382
63.365216,192,63.3652156644,48547.728592
54.694482,148,54.694482224,48588.517657
53.906131,140,53.9061308123,48625.969625
57.625189,164,57.6251891272,48735.070353
56.904947,162,56.9049465858,48784.179876
61.287878,169,61.2878780714,48829.467161
55.931348,155,55.9313478089,48871.777488
71.834395,188,71.8343948416,48959.562597
62.220547,177,62.2205469928,49021.036588
56.399135,153,56.3991348332,49066.990149
52.978311,141,52.9783108078,49106.259914
68.613281,201,68.6132805877,49174.940859
60.780839,166,60.780838518,49220.217356
59.734339,163,59.7343394835,49266.332593
55.83406,150,55.8340595082,49308.21452
55.797088,151,55.7970881731,49363.201148
59.40887,168,59.4088702711,49411.970948
60.980051,168,60.980050584,49458.426457
58.470577,157,58.4705772436,49502.052546
62.352272,177,62.3522720101,49555.300009
60.363537,168,60.3635366676,49603.994428
58.243018,154,58.2430179525,49645.767921
59.694338,162,59.6943382575,49730.639114
59.471548,162,59.471548212,49775.571981
59.666725,161,59.6667249736,49831.303189
58.18998,160,58.1899795911,49876.40069
56.143367,151,56.1433674914,49951.494601
56.433011,154,56.4330112712,49994.665392
60.029768,170,60.0297678503,50052.689704
55.066219,149,55.0662185315,50103.387165
63.504487,178,63.5044867274,50158.464154
64.369351,169,64.3693514547,50206.800845
58.683881,158,58.683881365,50254.221327
56.347477,151,56.347476658,50308.525695
55.622345,161,55.6223446177,50373.435983
55.058538,146,55.0585379719,50417.061582
58.200468,152,58.2004678527,50471.910811
57.020393,150,57.0203930018,50547.600747
58.399719,161,58.3997188927,50595.322766
55.662245,149,55.6622452991,50638.22078
59.267978,157,59.2679784735,50682.209981
56.072349,157,56.0723491882,50727.675415
62.27132,163,62.2713201062,50777.158111
57.561692,157,57.5616921003,50822.229985
60.866485,170,60.8664846487,50872.58191
59.627328,158,59.6273276789,50918.716738
71.449872,193,71.4498723434,50995.073883
61.575508,167,61.5755076489,51102.558228
59.334736,156,59.3347357036,51163.826182
57.304743,151,57.3047428774,51207.573509
64.259526,172,64.2595258321,51295.278036
63.925379,171,63.9253793209,51410.588411
59.741356,160,59.7413555665,51457.28505
55.663326,147,55.6633262505,51499.755679
62.804174,167,62.8041738279,51550.418486
58.074228,159,58.0742276621,51600.163518
61.661903,161,61.6619033817,51648.820635
57.259679,152,57.2596785575,51694.20189
64.875843,169,64.8758433395,51745.914961
59.897733,157,59.8977328147,51793.067321
57.628483,150,57.6284827634,51839.644167
59.853585,154,59.8535852507,51910.408036
59.220539,160,59.2205392226,51957.823941
61.369366,165,61.3693662018,52061.478244
57.686052,155,57.6860523529,52122.496349
54.147677,145,54.1476767735,52197.924346
57.25766,150,57.2576603425,52246.764181
65.876025,184,65.8760254054,52319.355853
59.40186,152,59.4018604765,52368.25473
60.264648,157,60.2646481518,52434.527949
59.982735,155,59.9827347608,52504.354835
55.506026,147,55.5060258419,52549.210486
61.038181,164,61.0381805992,52599.621505
66.73271,177,66.7327100624,52674.927867
61.423572,162,61.4235721766,52727.652168
55.243134,147,55.243133974,52795.297674
58.180753,154,58.1807532098,52841.903117
68.792201,180,68.7922010519,52902.173161
61.021394,161,61.0213942015,52955.187012
67.460536,175,67.4605358242,53019.852586
62.768508,170,62.7685082162,53075.554541
58.8649,150,58.8649002808,53176.582151
62.881784,162,62.8817842977,53300.159653
71.222966,180,71.2229655928,53367.865403
60.116072,157,60.1160720237,53417.11178
55.737735,146,55.7377346486,53513.303411
62.447312,164,62.447311576,53564.906909
62.645999,160,62.645998867,53618.63788
54.360632,139,54.3606315083,53663.383754
70.177314,182,70.1773135782,53847.814393
64.774352,163,64.7743524813,53919.21089
65.086249,168,65.0862487631,53971.573625
63.943337,166,63.9433369988,54044.688276
62.046953,158,62.0469528858,54170.557228
56.775397,148,56.7753973793,54250.147895
65.226048,165,65.2260483701,54389.460598
63.577363,156,63.5773629386,54441.411822
63.546119,167,63.5461189267,54519.998762
65.81022,164,65.810220154,54599.460375
66.937495,171,66.9374945063,54656.552661
70.241765,188,70.2417647394,54723.747377
61.042276,155,61.042276091,54779.778372
62.724083,161,62.7240827955,54924.177326
63.480333,167,63.4803326061,55074.810924
61.069737,154,61.0697372099,55132.810146
75.633122,186,75.6331217023,55206.541881
64.513808,158,64.5138080534,55257.722079
64.037259,162,64.0372590828,55311.14511
62.91711,165,62.9171103721,55364.739313
58.349511,147,58.3495107283,55416.04885
80.457579,195,80.4575794683,55505.314275
65.06603,166,65.0660300939,55572.166299
57.212011,148,57.2120109532,55622.016222
68.109682,167,68.1096820855,55680.98581
54.513535,142,54.5135346326,55729.779393
62.133394,163,62.1333937775,55795.067777
58.438397,149,58.4383971903,55856.242975
69.015981,177,69.0159809199,55909.515069
69.660857,173,69.6608574663,55966.214205
65.390666,165,65.3906661918,56027.345116
62.691316,165,62.6913156519,56109.885147
72.22912,174,72.2291203559,56220.581492
62.118279,161,62.1182790619,56277.60292
56.92425,147,56.9242503473,56323.262171
52.464838,143,52.4648378994,56397.57403
63.993461,157,63.9934609259,56444.214988
59.512907,149,59.5129070277,56531.322026
70.351796,173,70.3517958239,56582.886365
63.970415,159,63.9704146685,56644.541254
68.05769,168,68.0576904726,56724.359857
63.399648,157,63.3996483353,56775.206836
66.969322,163,66.969322364,56825.969627
68.761623,166,68.7616233418,56888.039816
70.659849,174,70.6598489369,56941.687581
69.431127,169,69.4311273085,56992.375889
69.758088,174,69.7580876059,57065.548444
66.693547,163,66.69354726,57115.951492
64.343785,162,64.3437850453,57168.386735
70.826579,175,70.826579442,57241.025639
65.628966,165,65.6289655199,57291.340806
67.067484,163,67.0674842454,57341.637009
80.394805,196,80.3948050742,57425.62744
65.444705,163,65.444704626,57504.787485
69.833788,172,69.8337884722,57598.647156
72.617003,176,72.6170034885,57701.179949
70.932199,173,70.9321987565,57822.374763
74.910149,178,74.9101491088,57891.917708
72.883863,177,72.8838631923,57959.901472
68.947101,169,68.9471007335,58018.500367
65.585131,160,65.5851307713,58144.359429
65.290405,161,65.2904045118,58220.579952
71.133971,168,71.1339706947,58272.563092
67.041188,165,67.0411881583,58325.103082
65.972517,160,65.9725171958,58374.895565
83.939256,204,83.9392562081,58439.839389
58.174156,146,58.1741563305,58502.789223
72.611543,174,72.6115430566,58573.486107
67.767079,162,67.7670790157,58648.332388
68.067648,164,68.0676483396,58755.22851
75.221758,177,75.2217579169,58810.406003
70.176376,167,70.1763755047,58993.386039
70.628499,172,70.6284988738,59049.375364
64.184671,161,64.1846705304,59162.232841
65.99457,164,65.9945696797,59221.823327
66.333551,159,66.3335511734,59275.418375
65.101071,159,65.1010708886,59380.097496
69.82727,166,69.8272696425,59468.537413
74.481234,169,74.4812340144,59523.813248
79.16275,179,79.1627503715,59611.433808
66.977232,162,66.9772320746,59679.878575
69.54711,167,69.54710973,59793.994714
72.397151,166,72.3971512479,59845.850255
68.637904,170,68.6379044344,59950.569765
73.651719,172,73.6517189931,60004.856955
73.990189,180,73.9901889075,60094.774265
70.523464,167,70.5234638011,60155.157924
73.341599,180,73.3415985276,60232.58977
65.667425,158,65.667424795,60282.864461
73.95794,176,73.9579398381,60339.570599
69.632495,162,69.6324953003,60427.563829
61.82438,149,61.8243799664,60528.974919
70.379402,166,70.3794017017,60594.024553
74.161725,164,74.1617248005,60663.629798
80.883964,185,80.8839638723,60773.084619
74.221003,173,74.2210030481,60875.099298
74.74521,176,74.7452095234,60934.815664
69.029956,166,69.0299560457,61032.604978
69.404012,167,69.4040115637,61123.053365
70.34271,162,70.3427098615,61212.749961
74.947747,172,74.9477469607,61272.418989
79.023825,178,79.0238253451,61346.817339
70.684429,170,70.6844291011,61417.337606
73.792868,173,73.7928679327,61489.116344
75.209374,176,75.20937362,61557.342919
83.05709,192,83.0570903085,61640.767358
71.87192,165,71.8719200183,61693.553216
66.314678,157,66.3146783764,61754.305406
74.963257,173,74.9632566633,61812.068587
74.123649,168,74.123648776,61865.097399
76.126817,186,76.1268166238,61925.750386
73.287586,176,73.2875861202,61982.906857
70.983245,167,70.9832451029,62059.329068
89.877668,206,89.8776684385,62137.912622
75.22624,180,75.2262404368,62208.776895
75.190256,175,75.1902562443,62280.639908
81.955367,187,81.9553667071,62384.373228
73.974046,176,73.9740459047,62465.538428
75.981582,175,75.9815824675,62523.275135
73.377738,168,73.3777378667,62578.778147
87.948449,197,87.9484485786,62642.829035
76.372481,174,76.3724812988,62710.764886
75.81488,177,75.8148803686,62777.005265
75.707499,171,75.7074990588,62854.125437
81.427918,185,81.4279183128,62968.120461
73.962263,173,73.9622627438,63064.178381
82.897225,193,82.8972248022,63127.106535
83.395503,189,83.3955029012,63208.355978
60.412131,148,60.4121306622,63260.340649
73.521079,175,73.5210788955,63347.240583
78.44334,177,78.4433402671,63414.775474
76.89968,174,76.8996795105,63471.263241
73.33446,169,73.3344596109,63530.703693
85.300078,193,85.3000775808,63617.662047
68.667398,156,68.6673979356,63741.549442
75.134652,176,75.1346523631,63810.125976
77.046549,175,77.0465491311,63881.667852
73.007862,164,73.0078616491,63936.916835
76.271578,176,76.2715780222,63995.908988
92.536654,200,92.5366542032,64151.662656
81.528442,183,81.528442264,64227.780833
80.656668,185,80.6566681592,64353.880197
70.687127,159,70.6871272982,64445.246734
58.860728,143,58.8607278412,64499.498038
78.765177,173,78.765176591,64599.255174
75.470487,181,75.4704870512,64693.313524
74.14587,166,74.145869914,64807.662121
71.071497,165,71.0714965509,64915.741759
77.596304,177,77.5963042762,65073.171733
90.661088,203,90.661087627,65148.380637
82.5981,193,82.5981004224,65211.977407
80.086978,177,80.0869781681,65271.286835
85.951544,195,85.9515438466,65365.821057
84.397258,188,84.3972575672,65461.517525
80.154627,175,80.1546272707,65533.712823
68.197486,160,68.1974863719,65589.698175
72.43499,161,72.434989738,65656.070285
75.97225,178,75.9722497692,65718.811225
79.050981,182,79.0509810964,65780.754296
79.786347,177,79.7863466576,65842.093064
71.639134,165,71.6391337035,65914.741998
89.261942,211,89.2619418878,65988.405129
89.625798,205,89.6257977237,66086.477803
103.782713,231,103.782712783,66288.514904
101.644528,216,101.644528073,66414.650737
79.276196,179,79.2761960461,66476.109409
77.209679,182,77.2096791991,66547.665509
94.775512,212,94.7755119073,66619.44639
81.266654,182,81.2666537552,66685.263476
85.759643,201,85.7596431718,66781.199989
76.48433,172,76.4843302442,66837.298243
80.782513,183,80.7825126926,66930.52359
78.335608,183,78.3356078989,66991.906037
85.637415,190,85.6374145235,67055.530566
84.246931,191,84.2469312524,67117.241429
92.268986,196,92.2689859236,67181.076473
86.757392,189,86.757392323,67245.629123
79.231312,177,79.2313124662,67311.428751
76.736194,168,76.7361944686,67367.033096
87.055566,194,87.0555659897,67437.184253
81.961837,190,81.9618372688,67503.500926
78.0941,174,78.094100343,67581.453816
76.111127,170,76.1111273579,67640.341155
85.516812,204,85.5168116932,67712.9344
56.745221,136,56.7452205626,67759.946716
81.253649,183,81.2536485828,67886.111763
73.821966,169,73.8219662268,67971.812191
82.900001,183,82.9000014303,68041.444563
77.474578,176,77.4745779636,68102.948813
84.094286,186,84.0942863238,68204.914549
74.93572,167,74.9357196842,68263.593091
79.49109,179,79.4910900625,68352.290875
81.929831,184,81.9298310277,68413.111346
85.201291,189,85.2012914108,68480.002137
78.351299,170,78.3512994878,68538.02483
74.834648,171,74.8346479609,68596.145178
77.04857,172,77.0485699784,68664.4352
98.1196,207,98.1196002365,68792.01246
77.678986,172,77.6789862524,68855.086719
84.394696,187,84.394696054,68941.408459
83.662404,188,83.6624042588,69008.842826
96.098757,209,96.0987565891,69078.437989
104.352533,233,104.352533026,69160.555937
70.304602,154,70.304601801,69268.940785
86.833509,195,86.8335087582,69335.996547
111.431711,224,111.431711401,69416.128462
72.780924,160,72.7809241811,69471.052807
88.643327,191,88.6433272764,69563.994643
83.432383,182,83.4323827864,69696.133213
90.701826,193,90.7018263464,69841.85267
81.061267,175,81.0612666526,69900.484963
79.496656,172,79.4966555153,69996.494154
73.297958,171,73.2979583011,70054.502396
74.877771,168,74.8777705813,70112.07273
93.975287,206,93.9752874289,70183.506077
71.08206,156,71.0820600716,70315.595009
80.955843,172,80.9558427423,70415.688572
85.821049,183,85.8210494932,70486.739144
79.29852,174,79.2985198251,70566.512753
94.662325,213,94.6623247946,70661.400325
78.771242,173,78.7712423686,70728.998207
101.014961,216,101.014961478,70802.097321
84.558686,189,84.5586857289,70920.996817
81.436562,180,81.4365623982,71025.823757
110.26934,234,110.269339743,71105.387371
80.424339,176,80.4243388,71198.79153
79.635623,171,79.6356231513,71256.759093
80.048132,176,80.0481318069,71315.839174
82.074286,181,82.0742863659,71378.023352
88.212451,188,88.2124506942,71445.460777
79.458659,175,79.4586588187,71553.897593
77.081374,174,77.0813740708,71654.417157
104.636461,212,104.636461001,71736.900813
80.27315,181,80.2731495012,71806.69667
93.099842,202,93.0998423674,71875.628647
131.746254,268,131.746254183,71990.442867
79.48146,173,79.4814599688,72060.499222
85.046028,193,85.0460281012,72151.721683
100.231924,216,100.231924115,72237.090424
93.518675,203,93.5186750739,72306.070185
85.450614,185,85.4506141954,72369.239124
82.599339,182,82.5993387864,72462.185015
82.642328,182,82.6423283469,72522.667318
91.374143,193,91.3741427363,72589.837998
90.877308,198,90.8773081465,72656.645106
77.044815,171,77.0448153441,72715.417162
82.642195,180,82.6421953151,72831.715193
81.135929,172,81.1359289693,72891.605662
82.002822,176,82.0028224134,72952.989514
86.177122,185,86.1771221754,73016.364992
104.889189,231,104.889189257,73128.307352
85.209316,184,85.2093157235,73192.370727
79.606786,174,79.6067858736,73286.365333
89.05189,193,89.0518900362,73356.828972
91.777565,197,91.7775646532,73486.766831
112.47084,226,112.470839611,73564.787467
89.093268,200,89.0932681603,73656.114562
75.962545,175,75.9625447709,73715.541516
76.391789,173,76.3917891053,73798.104965
83.085969,176,83.0859688263,73860.36341
82.168809,179,82.1688086149,73943.151399
86.31275,185,86.3127496991,74011.637715
139.18248,276,139.182479533,74156.407688
87.385805,187,87.3858054263,74226.431493
83.776895,186,83.7768945038,74289.301734
72.232158,152,72.232157988,74342.183381
81.372377,184,81.3723770774,74409.9108
87.212138,193,87.2121383817,74475.438226
94.034347,206,94.0343467788,74547.515292
81.453193,176,81.4531927204,74608.29345
92.238595,200,92.2385948492,74716.636156
88.702456,193,88.7024557631,74792.78706
73.310504,161,73.3105035219,74869.902474
88.473599,192,88.4735987857,74948.008536
71.454745,163,71.4547453374,75001.664135
94.811499,200,94.8114994177,75069.355375
90.027923,194,90.0279232565,75153.479571
81.511967,174,81.5119665876,75231.300155
79.465575,170,79.4655751889,75304.569325
81.577046,177,81.5770455337,75371.986535
85.776112,184,85.776111982,75435.747633
82.65017,179,82.6501695904,75495.840671
78.761612,176,78.7616117267,75559.013414
79.65661,174,79.6566104761,75623.226901
85.995492,186,85.9954916417,75686.616919
88.983157,184,88.9831574813,75746.76596
86.857489,188,86.8574887678,75860.593259
94.132935,202,94.1329353456,75934.112674
83.571679,187,83.5716787199,75997.276626
83.743759,182,83.7437594815,76093.956012
85.092514,178,85.0925137971,76151.957864
85.229335,184,85.2293350319,76217.562261
80.221167,173,80.2211666083,76280.787188
77.10975,162,77.1097498645,76335.011787
83.488222,183,83.4882216108,76395.527026
100.881505,207,100.881504817,76487.666695
86.674401,187,86.6744006771,76563.977079
113.007165,223,113.007165068,76654.005598
79.2837,172,79.2837002555,76746.641826
77.425001,168,77.4250009463,76831.186206
79.143089,165,79.1430891627,76898.666689
88.749361,187,88.7493606433,77022.925014
87.385759,183,87.3857589313,77099.190059
78.559737,171,78.5597371336,77215.981376
82.184174,179,82.1841742992,77302.75645
82.888155,177,82.8881553277,77375.389286
112.381276,229,112.381276265,77488.48941
89.300859,188,89.3008591789,77588.068506
95.100458,200,95.1004580557,77682.149189
80.617439,171,80.6174387444,77755.141551
83.970709,189,83.9707092551,77838.469516
90.379043,199,90.3790432832,77949.627184
87.723227,187,87.7232272446,78034.669806
104.476272,213,104.476271806,78120.907401
79.688596,172,79.6885964365,78197.993465
83.921063,188,83.9210625417,78277.885514
83.055733,176,83.0557331925,78349.814706
90.653226,195,90.653225937,78441.535132
106.313353,214,106.313352764,78530.045422
96.412744,207,96.4127435211,78615.842139
81.255409,179,81.255409314,78710.838196
89.157075,185,89.1570746179,78835.48098
87.39482,188,87.3948202159,78912.691425
91.336003,200,91.3360031054,78996.3028
83.737073,185,83.737073213,79076.349554
83.495624,179,83.4956235716,79150.131057
93.333476,192,93.3334760982,79228.648371
82.941462,177,82.9414616995,79300.889552
81.354922,175,81.354921561,79378.536854
112.805008,232,112.805007551,79473.483018
83.159172,176,83.1591723662,79573.770711
77.995018,169,77.995018144,79672.917742
93.647588,194,93.6475876325,79751.982465
81.733355,180,81.733354951,79826.872566
82.719316,174,82.7193163212,79922.097308
80.557085,173,80.5570847576,80007.988867
87.951219,195,87.951218915,80094.309212
87.789524,193,87.789523984,80199.518884
82.541534,176,82.541534318,80292.119681
128.147701,252,128.14770131,80398.027338
99.176188,209,99.1761876578,80486.66784
86.781491,184,86.7814912167,80568.67085
90.245128,193,90.2451280026,80647.576696
80.310565,169,80.3105645134,80719.21254
85.427418,182,85.4274184132,80903.869345
84.182903,178,84.1829026985,80974.879696
86.79691,184,86.7969095721,81083.424981
97.048874,203,97.0488738859,81164.502569
92.549128,200,92.5491281953,81244.768917
89.802374,182,89.8023735646,81328.471408
84.986505,182,84.9865053781,81401.944169
94.936608,193,94.936608451,81483.430583
85.932117,188,85.9321173119,81578.76559
84.990029,180,84.9900285807,81675.419072
84.043423,180,84.0434233321,81767.831093
83.989685,180,83.9896851031,81879.332911
79.075596,164,79.0755959063,81949.303833
88.750779,193,88.7507791056,82031.504608
97.086851,203,97.0868509846,82150.96821
81.202357,174,81.2023570369,82240.00749
86.698616,175,86.698616209,82323.159346
91.258601,186,91.2586009247,82419.537278
90.01381,187,90.0138098327,82525.025242
83.359449,183,83.3594494246,82601.196799
88.456055,179,88.456055238,82695.818806
99.465852,209,99.4658519811,82799.369651
81.173804,174,81.1738036047,82913.911609
84.286117,179,84.2861168953,83032.228251
80.618216,169,80.6182157225,83102.131984
83.601425,177,83.6014248705,83174.172382
93.2667,189,93.2667004021,83260.324618
106.620956,207,106.62095596,83358.333511
104.533289,206,104.53328933,83437.589313
83.523057,175,83.5230572241,83508.401276
88.633394,178,88.6333939586,83610.359957
85.457873,179,85.457873219,83702.43535
94.102273,202,94.1022727927,83819.887044
118.729174,228,118.729174128,83917.446578
91.751528,196,91.7515281809,84002.22382
182.67184,361,182.671840005,84149.604278
106.739895,215,106.739894856,84237.326807
90.962473,182,90.9624728839,84314.95055
88.690017,185,88.6900167193,84389.951861
107.150064,211,107.150064101,84478.952526
87.83273,183,87.8327302069,84615.37129
88.914953,186,88.9149533878,84693.455018
98.175472,205,98.1754721988,84786.034333
103.791149,204,103.791149455,84888.987689
80.335885,168,80.3358848592,84976.133065
104.416445,204,104.416445316,85059.119323
92.618952,195,92.6189515157,85143.874568
106.564436,207,106.564436061,85266.998145
93.054165,193,93.0541646987,85357.251477
121.89576,231,121.895759956,85470.338341
88.11862,182,88.1186196959,85542.632809
100.557484,204,100.557483604,85632.166304
98.699649,201,98.6996489365,85794.025653
116.506124,238,116.506124167,85944.17097
102.735054,211,102.735053883,86054.445011
87.391511,181,87.3915109857,86161.402847
115.918085,241,115.918085493,86283.484335
95.529692,199,95.5296916945,86372.435953
126.67339,235,126.673389715,86465.883822
101.132668,207,101.132667529,86598.663054
107.386837,213,107.386837239,86684.543598
103.741653,203,103.741652588,86766.536738
169.794237,312,169.79423702,86904.718944
95.369223,185,95.3692231841,86979.141833
139.307684,263,139.307683548,87093.680779
112.053301,215,112.053301135,87197.688612
91.632707,182,91.6327065876,87288.119515
92.273846,187,92.2738464775,87386.403657
105.828891,204,105.828891308,87472.714787
90.782648,183,90.7826484773,87555.108787
115.535837,233,115.535836985,87649.033044
125.286407,239,125.286407176,87769.992022
104.156521,204,104.15652084,87860.212991
103.250615,206,103.250615003,88008.388795
59.381803,225,59.3818033253,88131.277369
106.690575,206,106.690574792,88264.124834
94.50722,195,94.5072203482,88356.968589
111.388846,217,111.38884622,88445.31078
88.810343,178,88.8103427011,88517.814328
118.167478,227,118.167477861,88711.563942
115.678752,225,115.678752125,88808.390101
110.257444,225,110.25744449,88896.727043
91.116598,181,91.1165978606,88969.522403
118.021202,226,118.021201515,89065.371269
98.822825,200,98.8228247671,89141.691485
113.330889,218,113.330889146,89231.399457
81.15215,269,81.1521499834,89334.775418
86.255556,178,86.2555564992,89405.910559
136.72699,258,136.726990055,89507.00509
116.587901,226,116.587901184,89596.299048
105.111243,205,105.111242642,89681.970146
92.659868,181,92.6598677547,89761.911264
117.169761,235,117.169760671,89894.058771
117.346849,220,117.346848623,89983.24772
99.467008,200,99.467007687,90059.495947
115.167933,214,115.167933146,90133.971437
87.163569,175,87.1635690131,90204.172831
120.850607,232,120.850607435,90329.155844
123.262624,234,123.262623722,90402.65184
117.068059,220,117.06805851,90484.304765
101.561455,202,101.561455361,90549.826906
114.625384,222,114.62538376,90658.937547
126.991099,242,126.991098663,90754.775707
118.286009,215,118.286009451,90836.422957
121.562529,232,121.562528548,90911.805254
128.501915,235,128.501915399,90996.044787
114.072705,216,114.072705149,91068.66762
97.903653,190,97.9036534481,91128.588948
122.141322,232,122.141322367,91204.699968
107.213377,204,107.213376932,91275.65119
83.763005,171,83.7630045537,91338.447652
112.348416,207,112.348416265,91407.074857
92.130658,178,92.1306576021,91470.492844
142.991728,257,142.991727671,91565.225093
114.383747,214,114.383746652,91684.622853
126.181592,228,126.181592105,91762.208692
106.681341,210,106.681340837,91829.13507
106.183112,200,106.183111581,91896.205375
106.619466,202,106.619466354,91962.298089
146.450974,256,146.450974353,92044.860806
125.018117,232,125.018117019,92119.849793
245.206328,405,245.20632754,92271.335742
101.502665,200,101.502665344,92337.572951
109.747778,207,109.747778462,92403.361591
99.833205,198,99.8332048275,92479.864203
106.127109,197,106.1271088,92560.170657
144.920697,251,144.920697054,92642.242122
129.510476,235,129.510475941,92741.265511
110.17741,210,110.17741036,92825.672258
141.890436,247,141.890436106,92906.414165
127.957255,232,127.957254911,92981.352457
110.083818,203,110.083818086,93062.683726
125.979454,228,125.979454191,93138.007808
105.282169,200,105.282168502,93223.452717
125.762391,227,125.7623913,93404.453644
112.53134,208,112.531340167,93473.006393
103.113504,198,103.113503721,93536.812252
115.027839,210,115.027838912,93607.502298
111.05222,204,111.052219622,93692.510544
115.475351,221,115.475350757,93773.796286
125.193546,233,125.193546316,93856.160439
160.440655,262,160.440655422,93965.744126
131.735829,236,131.735829192,94062.969148
109.338659,201,109.338658799,94135.255276
121.855943,219,121.85594347,94216.226531
129.456659,235,129.456659145,94293.045024
130.39541,227,130.395409635,94369.615317
113.638126,215,113.638125882,94438.89952
135.549493,247,135.549492903,94520.839421
109.267079,204,109.267078515,94599.66855
126.537752,228,126.537751795,94699.518984
127.986094,231,127.986094178,94775.835231
92.055707,175,92.0557068849,94848.438295
106.230858,196,106.230858318,94932.845576
127.441726,236,127.441725939,95035.153978
106.393538,212,106.393537558,95141.396473
134.611513,240,134.611513459,95217.00112
100.683527,189,100.683526599,95277.406196
114.848215,210,114.848214509,95343.866012
125.593623,221,125.593622872,95426.950742
129.033374,233,129.033374455,95517.21475
112.578402,206,112.578402353,95587.83761
118.739015,225,118.739015212,95660.881769
128.155831,228,128.155830571,95736.435067
129.921644,231,129.921644018,95811.944688
122.493841,224,122.493841282,95889.808257
136.792993,237,136.792993315,95964.209161
123.077937,220,123.077936677,96036.362657
128.475923,231,128.475923057,96138.795112
115.640587,212,115.640587359,96207.953233
114.358185,206,114.358184841,96272.863106
160.088292,276,160.088291502,96378.350824
113.458421,211,113.458420765,96446.810731
163.398904,276,163.398904435,96535.276335
68.083305,214,68.0833053293,96610.646057
123.951792,223,123.951792124,96681.550828
122.132083,220,122.132083473,96803.017182
124.071936,216,124.071935558,96894.012194
126.15873,222,126.158729645,96964.961388
124.060374,219,124.060374019,97056.722057
160.930788,263,160.930788088,97143.314961
128.710371,224,128.710371347,97232.997675
126.916349,230,126.916349396,97302.429371
109.061741,201,109.061740916,97366.584738
129.924956,229,129.92495554,97447.589627
123.896462,220,123.896461673,97521.920218
126.40045,225,126.400449704,97594.746384
115.215902,204,115.215901983,97658.89529
120.536792,215,120.536791985,97727.427808
124.041386,225,124.041386349,97802.738512
119.969984,215,119.969984014,97871.167813
104.775505,194,104.775505476,97930.774834
129.075345,225,129.075345184,98006.661528
111.19972,200,111.199719746,98070.156185
111.507098,202,111.507098237,98134.711816
127.667916,228,127.667915638,98208.208108
133.841955,231,133.841954559,98281.51267
115.912557,212,115.91255705,98349.557822
117.917567,212,117.91756656,98434.074936
117.546357,209,117.546357101,98508.913447
129.248636,225,129.248635555,98587.125794
129.668101,231,129.668100705,98669.32478
113.052161,208,113.052160919,98738.720536
114.832321,208,114.832321233,98883.141719
239.496488,356,239.496487858,99002.906738
131.017129,227,131.017129351,99097.331563
107.433711,194,107.433710529,99165.404602
121.897832,217,121.897831765,99235.525246
125.618513,220,125.618512698,99309.030781
130.646788,232,130.646788023,99382.323956
120.958644,214,120.958643583,99452.756635
121.120805,215,121.12080454,99522.237575
118.348484,211,118.348483569,99591.220188
145.312533,370,145.312533469,99710.862535
108.901419,203,108.901418828,99776.631848
124.764233,222,124.764232668,99883.109837
113.91071,209,113.910710197,99951.551004
135.682997,236,135.682997,100027.084351
127.477559,224,127.477559303,100101.318301
133.836996,231,133.836996403,100196.303003
116.761086,212,116.76108629,100263.629766
135.356799,234,135.356798691,100358.60939
117.660321,215,117.660320717,100429.703323
130.400132,220,130.400132129,100497.214834
105.379765,197,105.379764893,100560.312507
103.062356,188,103.062356074,100619.813874
185.836875,291,185.836874695,100712.153836
147.035284,244,147.035283595,100787.583108
131.525914,234,131.525914432,100860.890299
112.02478,204,112.024779867,100926.430359
153.470237,251,153.470236544,101013.093918
173.14374,276,173.143739804,101103.084478
145.037091,253,145.037090882,101206.589161
76.973672,223,76.9736716077,101276.608
107.822768,201,107.822768453,101339.898552
150.677966,256,150.677965739,101429.854157
141.759644,237,141.759643728,101515.274868
164.423259,268,164.423259243,101601.950443
155.464622,260,155.464621852,101743.047041
107.782117,189,107.782117149,101806.261307
160.004291,270,160.004290759,101901.189424
131.476149,221,131.476149315,101982.398274
141.364912,241,141.364911513,102058.48924
113.100572,203,113.10057214,102124.766948
178.367501,281,178.367501323,102224.782629
132.887038,233,132.887037994,102304.894279
122.980459,220,122.980459411,102379.077931
135.156774,234,135.156774161,102457.185533
117.65216,204,117.652160371,102551.180853
127.492985,222,127.492985103,102632.976606
167.171532,269,167.17153192,102733.386958
143.580116,241,143.580116476,102813.582438
131.064784,227,131.06478424,102915.562044
126.875983,219,126.875983048,102996.081767
121.799122,215,121.799121552,103080.723903
116.764047,207,116.764046947,103155.587188
259.919621,387,259.919621404,103313.987066
147.205312,240,147.205312285,103392.241921
123.731345,215,123.731344574,103481.997168
144.917443,241,144.917443152,103576.818243
132.713414,225,132.713414456,103695.449674
365.641923,481,365.641923047,103897.18021
108.281239,192,108.281238641,103957.737
126.456723,226,126.456723294,104045.873201
144.983294,245,144.983293998,104128.711557
129.377681,222,129.377680707,104217.208182
132.409955,232,132.409955371,104307.039532
153.358761,257,153.358760565,104394.422482
127.943122,222,127.943121999,104469.457656
