#{"t_start": 1512457165.6622837, "gym_version": "0.9.4", "env_id": 0}
r,l,s,t
-79.63672,123,-16.3691552466,20.007832
-83.411748,127,-19.1129396143,40.014602
-78.512618,117,-16.5400124074,58.613418
-81.129933,127,-17.1771355641,79.346189
-80.133168,118,-17.1588486502,98.315367
-78.47101,120,-17.2514590395,117.798398
-79.280546,118,-16.9049407851,137.450727
-80.904413,119,-17.4613628726,157.252022
-79.496571,122,-16.4019697517,177.027494
-81.332975,121,-17.0939917333,196.686742
-80.543377,119,-17.2598280928,215.674136
-80.779209,120,-17.0010790613,235.04172
-79.377145,118,-16.7644411592,253.836024
-83.0321,120,-18.0980733105,274.893691
-79.922684,118,-17.3479797561,294.537825
-80.317485,121,-16.7978445978,313.316691
-81.016299,120,-16.9736694468,333.451337
-81.952688,127,-17.2213410825,356.15711
-80.051668,122,-17.01437652,376.695668
-78.877882,118,-16.3809253551,394.865068
-80.515522,117,-17.788041924,414.562392
-81.369283,118,-17.6030794636,433.725832
-81.449525,118,-18.1862629283,452.617594
-80.220983,118,-16.6432032281,470.84806
-83.021486,127,-18.9703780647,492.278772
-78.365857,118,-16.7911877945,512.517515
-79.874431,118,-17.5082857587,532.203862
-81.799266,121,-18.0419163833,554.086062
-77.77582,118,-16.4500661412,574.151918
-82.125331,120,-17.3357377845,595.290137
-80.195835,119,-17.082900001,614.306495
-80.829389,119,-17.1349056457,634.604548
-77.73233,118,-17.1904331129,653.728941
-80.624749,119,-17.0268948619,674.017306
-80.855192,120,-16.9649644104,696.189051
-81.385172,120,-17.5108469208,716.367899
-81.255816,116,-18.7154301022,735.706245
-78.166457,123,-17.8397058846,756.086884
-84.003041,130,-18.6954551414,778.784724
-80.434485,121,-16.4193185933,798.93566
-81.032279,123,-17.3200469661,820.423276
-79.094199,120,-15.8556325214,840.45055
-80.885959,121,-17.2030350286,860.937955
-81.6886,121,-17.1894978103,882.103309
-81.875189,121,-17.8751420566,902.548269
-79.623643,122,-16.3820384812,924.192278
-81.173119,120,-17.5837943233,944.948112
-79.535322,118,-16.6605967949,966.478507
-79.962495,118,-16.9375765398,986.010405
-81.456609,120,-17.4389238686,1007.122851
-80.017709,120,-17.4978111203,1028.126638
-81.549882,123,-17.1804214607,1051.271044
-80.855159,122,-17.2078783732,1071.848227
-80.762875,117,-17.6425352879,1092.310284
-81.71856,123,-17.8157507791,1113.821835
-80.898828,123,-16.5599532444,1135.076224
-83.146225,122,-17.7711431049,1155.508002
-81.890307,125,-17.6137332711,1177.377847
-81.727281,118,-17.5128180025,1198.411984
-80.202014,120,-17.4606449115,1219.075921
-79.881013,120,-16.7441050305,1240.31993
-80.319915,124,-16.3395154263,1263.186152
-79.091403,120,-16.2162539509,1284.23474
-82.845241,128,-17.4373934427,1307.371259
-79.234109,117,-16.532523348,1328.432912
-79.933017,120,-16.814412365,1348.449932
-81.186887,118,-17.4575307997,1368.40655
-81.192554,121,-17.2598555258,1389.759641
-80.385048,119,-17.0365094984,1411.067233
-79.835015,118,-17.4444734097,1431.173988
-79.561095,119,-16.6011318577,1452.243384
-80.71778,119,-16.980242415,1473.835454
-79.63189,118,-17.0110688023,1494.171889
-80.170728,121,-16.8391054169,1515.387943
-81.08222,126,-17.3471308552,1538.551979
-79.392733,118,-16.2785698879,1559.550241
-80.281686,124,-16.2915755753,1581.104162
-80.282551,119,-16.605320349,1601.642247
-82.136806,121,-17.7472774455,1622.69116
-81.664653,119,-18.1426197101,1642.457048
-78.565154,120,-16.3761276624,1663.658816
-81.606143,118,-17.3045905251,1685.564958
-81.030496,124,-17.1887365036,1708.206934
-81.284654,122,-16.8351709252,1731.513295
-79.818172,120,-16.541665269,1754.294513
-82.40548,120,-17.7482145021,1775.889156
-82.330895,122,-17.2288357899,1797.770614
-77.847448,121,-15.829655566,1820.863226
-80.286725,119,-16.6495131981,1843.674939
-80.871219,120,-17.2531371175,1864.63155
-80.915996,120,-17.3996061452,1887.84671
-80.655211,125,-16.9232979804,1911.177965
-82.303806,122,-17.5727626952,1933.789319
-80.272607,120,-17.1898816103,1955.849612
-80.766178,119,-17.4496454178,1976.668756
-79.282474,118,-16.8535226551,1997.873088
-79.100002,116,-17.1011052584,2019.641037
-80.560451,121,-16.8692673133,2041.589978
-82.067219,122,-17.9439801338,2062.765213
-80.459907,121,-17.1750330308,2084.084193
-80.449774,118,-16.9493740375,2105.948689
-83.40389,125,-17.7504222685,2130.548332
-80.329205,123,-16.7941330567,2154.277736
-80.041022,123,-16.3987983821,2175.270379
-80.74418,120,-17.4498327229,2197.688369
-79.785322,120,-16.5432300614,2219.46127
-80.608507,123,-16.8185736809,2241.691778
-80.628358,119,-16.9988629515,2263.225332
-81.555117,122,-16.9710807251,2286.167551
-81.905694,122,-17.1108171883,2308.308459
-79.731269,117,-16.9454327632,2329.693559
-81.593825,124,-17.212752819,2352.817352
-79.073479,116,-16.2126562447,2373.533838
-81.115726,120,-17.0230187059,2395.024031
-80.677276,119,-17.2219209218,2417.177777
-79.556526,121,-16.0205130612,2439.473882
-80.522655,118,-17.8562089677,2461.347784
-83.701269,124,-18.0333320773,2484.946557
-80.88806,123,-16.9072532127,2508.796632
-77.013575,115,-16.5842999855,2529.401619
-81.717105,122,-17.4122744956,2551.404179
-81.374623,120,-16.9886926817,2573.601052
-80.998839,121,-17.0270594834,2597.696207
-79.358452,118,-17.2281657473,2619.529178
-82.839003,123,-18.2373068082,2642.1452
-80.884553,119,-17.3730095648,2664.042042
-80.87557,121,-16.9859847523,2686.440908
-81.053772,116,-18.116426623,2707.769822
-82.034322,118,-17.6758570472,2729.040047
-80.162338,121,-16.9581100671,2750.521842
-78.67754,119,-16.1052416506,2770.391456
-80.694035,120,-17.7482038275,2790.85225
-79.616912,120,-17.4805304267,2811.330971
-80.650396,119,-16.9811057645,2831.610427
-80.637937,118,-17.3277071965,2851.944923
-81.575609,118,-17.2381868224,2872.039824
-80.258966,120,-17.2900166837,2895.893501
-81.045243,124,-16.6901284429,2917.851909
-80.898696,118,-17.2774150169,2938.082362
-81.544894,121,-17.3574000539,2958.048059
-79.499348,119,-16.7897317816,2978.290875
-80.170484,118,-17.0347830703,2998.541997
-81.008251,121,-17.5045718838,3019.446373
-81.235602,121,-17.4567215609,3040.975616
-81.808515,121,-17.101792674,3063.157103
-80.484186,121,-16.857245044,3084.689588
-80.251252,121,-16.8699385367,3105.969702
-79.009632,120,-15.8604654684,3125.384096
-80.75381,122,-16.9368560822,3146.392628
-82.511152,124,-18.563303946,3167.236551
-81.719633,123,-18.0056630816,3187.951752
-80.51875,125,-16.5412055164,3210.471276
-81.396674,119,-17.819612211,3231.94413
-79.652373,118,-16.4298251247,3255.748463
-79.363937,122,-16.8408031955,3276.541501
-81.224467,119,-17.6551776087,3297.641573
-80.770042,117,-17.4873627321,3318.039076
-79.50397,118,-16.7844375003,3339.221501
-80.905837,119,-17.5951822678,3360.939237
-80.600397,118,-16.8929549269,3381.878205
-80.364365,122,-16.8905656456,3401.896891
-81.836831,121,-17.897178333,3422.470679
-81.088115,118,-17.5151360313,3443.629569
-82.505077,123,-17.7453869902,3465.991673
-80.079636,119,-17.0699809848,3486.84985
-81.947877,119,-17.8787415171,3508.299969
-80.52362,120,-16.9545492946,3529.685963
-80.43518,119,-16.7622889775,3550.539895
-81.371556,119,-17.0138784162,3572.105938
-80.936375,123,-17.5211231768,3594.214056
-79.412418,118,-17.4133711867,3617.241534
-82.614535,121,-18.0028581484,3637.83945
-80.292028,122,-16.5299548772,3659.676044
-81.182969,119,-17.5158952827,3681.561018
-82.80182,132,-17.4371330598,3704.264652
-80.046417,117,-16.8800627078,3725.040654
-83.611702,130,-17.7000632284,3748.380688
-78.666723,119,-16.3328156112,3768.474334
-82.359252,121,-17.3403095923,3789.55209
-81.082626,117,-17.5478869442,3811.248875
-80.805485,121,-16.7793280809,3832.257559
-81.628933,122,-17.0914166464,3854.267238
-80.483165,119,-16.8834831757,3875.174097
-80.159977,117,-17.1227302944,3896.207638
-81.921532,119,-17.3346264136,3916.878309
-80.967092,117,-18.0266795385,3937.966422
-81.177622,119,-17.1207550448,3960.140377
-81.056502,123,-16.8964614412,3984.789988
-80.83871,118,-17.2815407336,4005.550781
-82.441896,125,-18.1761247143,4026.527284
-80.719886,119,-17.0458425109,4047.681318
-82.565144,119,-17.6412028708,4070.832381
-79.522117,119,-16.7739101089,4092.475297
-81.264271,118,-18.0825255571,4113.355637
-77.736539,118,-16.4982960431,4133.24969
-82.640517,124,-18.0722899556,4155.546721
-80.393296,122,-17.401008688,4177.817714
-80.316601,121,-16.8647591423,4199.582284
-81.140986,121,-17.0181188153,4220.464662
-80.597204,121,-16.7730739436,4241.733706
-81.404074,121,-17.2367047348,4262.36551
-82.117098,120,-17.4710735878,4283.536025
-80.693053,119,-16.8549504662,4304.628796
-80.81105,121,-17.084488247,4325.64737
-79.805991,120,-17.0770392632,4347.507851
-79.466385,120,-16.4678155005,4368.896811
-81.136281,120,-17.5974050085,4390.572155
-79.096204,124,-16.492860291,4411.223169
-79.789713,123,-16.5022719461,4432.634771
-80.383276,120,-16.6452946479,4454.345652
-81.110345,122,-17.0319247893,4475.895667
-80.778228,121,-17.0982407892,4497.2776
-80.261975,120,-17.1360477708,4518.676697
-83.629158,134,-18.0465630366,4541.788222
-80.308199,121,-16.74962931,4563.618474
-81.415929,118,-17.5545849914,4584.327725
-79.967894,118,-16.7335024875,4605.418001
-79.447789,119,-16.3879625935,4626.64068
-81.941345,118,-17.3258282919,4647.834047
-79.772907,121,-16.9961941366,4669.803523
-80.555056,120,-17.3927027482,4690.503256
-81.715071,120,-18.3593251043,4713.855431
-81.619827,126,-17.0535954082,4736.951948
-80.408235,122,-16.6537387639,4759.337873
-80.824357,119,-16.7246204794,4780.182623
-80.206961,124,-16.5210809749,4802.57908
-80.604091,120,-16.9493917312,4824.412426
-83.043078,131,-17.5249460848,4848.954798
-79.855662,120,-16.7470357736,4870.615034
-80.263961,121,-16.7989111144,4891.667249
-79.886049,120,-16.941360769,4912.949805
-81.30876,127,-16.942711716,4937.248623
-80.488255,119,-17.2355307182,4959.053909
-78.956727,119,-16.3033873818,4979.280331
-80.214919,126,-16.656318288,5001.485152
-79.754161,123,-16.8115174355,5024.375289
-79.119759,118,-16.40815239,5045.702483
-78.138093,117,-16.2039658841,5067.833328
-81.30213,123,-16.819257605,5089.016866
-79.390689,118,-16.735856209,5110.951787
-81.340096,128,-16.8977277262,5132.937066
-81.477333,119,-17.9382109283,5153.366059
-81.579703,126,-17.4980854285,5176.189506
-79.53135,118,-16.523473755,5197.088153
-82.613314,124,-17.4279136448,5220.041106
-80.954293,121,-16.7781206145,5242.405313
-82.056039,121,-17.8936771755,5263.856003
-81.033901,126,-16.4380509081,5285.570937
-79.635346,121,-16.2751074518,5306.702218
-79.736732,120,-16.6508019774,5329.343672
-80.143001,119,-17.0340936833,5351.266047
-80.239152,120,-16.7126620083,5372.448445
-81.483955,121,-16.818003069,5393.906559
-78.884181,120,-16.1290448934,5414.700939
-79.424781,119,-16.5425704496,5437.890699
-80.874173,120,-16.6779770963,5459.724756
-80.036182,119,-16.4765694556,5480.977294
-81.433038,121,-17.3818073551,5501.712289
-80.3719,121,-17.1306639842,5523.441661
-81.008594,120,-17.5477826832,5544.86197
-80.429931,120,-16.7089216356,5565.867571
-81.097404,124,-16.7364613822,5587.35722
-81.292564,122,-16.731998409,5609.327054
-82.442741,121,-18.3380201543,5630.073049
-81.378425,120,-16.8180447475,5650.262512
-81.059447,119,-17.5912460472,5671.092982
-80.700568,123,-16.2704146542,5692.548983
-79.198009,119,-16.1738153938,5714.09484
-80.653658,116,-17.3120533912,5734.63465
-78.462375,119,-16.9259442958,5755.280891
-80.84232,122,-17.1239736912,5776.689963
-78.213856,117,-16.0871492418,5797.939033
-80.525652,119,-17.0218242091,5818.87659
-79.319301,116,-16.620265771,5839.033889
-81.997674,120,-18.0928647996,5860.0557
-78.976092,121,-16.8250072735,5880.405305
-79.138547,118,-16.5168671109,5901.317823
-81.948121,123,-17.1792377938,5923.896363
-80.100703,121,-17.125188044,5944.236848
-80.093243,120,-16.7909438759,5964.869293
-80.16279,121,-16.5323489044,5985.711114
-81.749481,123,-17.057997874,6007.632833
-81.654401,121,-16.9162490329,6029.065595
-80.963254,121,-17.2422856216,6051.410375
-79.448963,118,-16.8281610317,6073.964018
-81.354849,124,-16.7617076768,6096.496586
-79.849696,120,-17.1396078474,6118.938511
-81.912644,128,-17.1371674889,6142.50783
-82.888146,119,-18.0158230869,6166.02842
-78.669338,116,-16.4053308669,6186.781637
-79.107753,121,-16.2911692851,6208.816817
-80.862209,122,-16.725324136,6232.315178
-80.463471,121,-16.4801269226,6254.291831
-79.995743,123,-16.438405139,6276.043585
-80.718061,121,-16.5570556156,6297.95929
-81.090908,120,-17.7368830313,6319.364117
-79.893597,122,-16.6503238748,6341.490094
-79.453161,121,-16.2277525538,6363.682195
-81.35596,123,-17.3215139879,6386.584275
-81.638271,120,-17.560867094,6407.458295
-82.454942,123,-17.7620740256,6430.688262
-80.724292,120,-17.8588905067,6453.492512
-82.240522,123,-17.1795403994,6475.740891
-81.133973,119,-16.8748753524,6497.443472
-80.780472,120,-16.7668332358,6518.864087
-80.394106,119,-17.4605334307,6542.142145
-81.557204,119,-17.2462641984,6562.610713
-80.766759,118,-17.1538482831,6584.122779
-77.782728,119,-15.9873334965,6606.966889
-78.90718,119,-16.7883976849,6628.862657
-80.066173,120,-16.8671402274,6649.144078
-82.544013,125,-17.4887882595,6672.05219
-80.821657,121,-16.5624953542,6693.74432
-79.252868,119,-16.4417202856,6715.592804
-81.263198,119,-17.2425482982,6736.920618
-80.131595,120,-17.1423526949,6758.898877
-80.667274,125,-16.2151210923,6781.711827
-81.767489,120,-17.2509594305,6802.617591
-81.299096,120,-17.4712860267,6824.172945
-81.752734,124,-17.3220038013,6846.240745
-82.263206,122,-17.8391550649,6868.22583
-77.886365,122,-15.7547146219,6889.977792
-81.658317,121,-17.5335927052,6912.904416
-80.624521,121,-16.4619291491,6934.349195
-79.454896,120,-16.9209231565,6956.362356
-79.798747,116,-16.9433260652,6977.672131
-81.492485,120,-17.809680409,6999.236617
-81.282985,121,-16.5973185225,7020.310663
-79.906511,119,-17.3948186485,7040.96735
-82.351415,123,-17.7395311744,7063.414202
-79.820983,120,-17.2745945194,7085.426416
-83.251244,124,-17.8227759232,7107.787595
-79.646336,119,-17.2350109282,7128.859825
-79.479376,122,-16.2915333954,7150.697872
-78.663321,118,-16.7451411378,7171.691097
-79.395596,121,-16.5307551063,7192.445422
-81.94557,123,-17.2592959594,7215.524768
-82.326016,124,-17.6657038507,7238.842329
-81.410347,121,-18.1575522446,7261.761185
-80.596474,120,-16.7987907925,7285.738538
-80.181891,119,-16.3666429152,7307.97878
-81.391703,122,-16.9963378475,7329.467551
-80.967304,119,-17.063619227,7351.936323
-79.802095,116,-17.1574939863,7373.186835
-80.351007,120,-16.68301514,7394.913952
-79.280807,119,-16.8318924084,7417.099825
-79.959257,121,-16.7832802321,7438.24997
-80.043187,118,-16.6294715698,7460.084141
-80.79416,119,-17.378461008,7481.317919
-82.276639,123,-17.6612367611,7503.097478
-80.736755,121,-16.4964668826,7525.311569
-81.197196,126,-16.9729133626,7548.739629
-79.010908,118,-16.3623204943,7569.757679
-77.637304,121,-15.5615188389,7590.805891
-78.98465,117,-16.0516686422,7611.674323
-78.977051,120,-16.0598715896,7632.87041
-78.483082,118,-16.0671440547,7656.506798
-80.699871,122,-16.6583818449,7679.408036
-80.206486,120,-16.7530443864,7700.392577
-82.146179,120,-17.3824236097,7722.06526
-79.5151,119,-16.1862904986,7742.926903
-79.865806,120,-16.4329780195,7764.381058
-78.250009,119,-16.4654659123,7786.087621
-80.813652,118,-17.2028194465,7807.355735
-82.210763,126,-17.7333325735,7830.173946
-81.990442,125,-18.2264763309,7853.59797
-81.464282,120,-16.8480733573,7874.357901
-81.059583,119,-18.1383779023,7894.122377
-81.44641,121,-17.426278165,7916.022806
-80.06904,118,-16.8904574547,7937.633114
-80.428955,119,-17.1661454291,7958.621378
-80.804982,120,-16.6411821587,7979.562808
-80.041453,120,-16.7854565239,7999.914827
-83.332172,124,-17.488434629,8022.321788
-80.529277,123,-17.171444343,8044.11072
-79.261208,122,-16.5629432076,8066.615228
-79.627769,119,-16.5124571148,8087.896402
-82.09687,125,-17.5995627827,8110.191429
-79.758717,119,-16.5297909674,8131.852929
-79.689095,120,-16.3629131615,8153.755713
-81.334825,119,-18.3539556457,8176.262998
-79.80452,122,-16.5902370478,8199.380181
-80.572081,121,-17.0869000785,8221.459906
-78.202403,120,-16.4566332591,8243.305875
-81.684224,122,-17.275179951,8265.301374
-78.987901,121,-16.4458448713,8287.505002
-81.231789,123,-16.5010438554,8310.246044
-79.44162,120,-16.5639375196,8332.43311
-81.920743,123,-17.3655292931,8354.706669
-78.999568,122,-16.365250529,8377.534757
-78.623263,119,-16.770462187,8401.355237
-82.090843,128,-17.2011872182,8424.726197
-79.169247,118,-16.6266528425,8447.003081
-80.385374,119,-16.7263124172,8468.735073
-81.026127,121,-16.805147753,8491.010105
-80.390279,120,-17.3311119845,8513.441546
-81.480186,120,-17.0194440256,8534.342459
-79.284178,117,-17.4565144619,8555.213083
-80.616239,118,-17.4712403658,8576.720595
-79.107341,120,-15.8138786114,8599.497647
-80.707883,120,-16.9483890127,8621.504401
-80.039531,121,-16.7113681641,8642.828344
-80.558295,120,-16.3640371892,8664.533864
-80.262251,117,-17.6912531523,8686.513028
-78.623166,120,-16.2525938799,8708.115597
-79.444146,121,-16.5422341561,8730.754814
-81.087052,116,-17.3059090391,8751.733912
-80.564326,119,-16.7763786028,8775.289823
-80.796956,123,-16.5731165714,8796.896002
-80.491324,118,-17.4538850196,8818.473503
-80.058717,123,-16.619272199,8839.820095
-80.835168,119,-16.9409015764,8861.639938
-80.277804,119,-16.5613658048,8883.065536
-83.698663,128,-18.0175979653,8906.685764
-82.068995,119,-17.5969613505,8928.21845
-82.070352,119,-17.7339767819,8950.942053
-81.141364,121,-17.0035949935,8974.544694
-78.430528,126,-15.7096723511,8997.147331
-81.48842,123,-16.3185043289,9020.59693
-80.801209,124,-16.6941324486,9045.018412
-80.065134,122,-16.3172060817,9068.466813
-79.810166,118,-16.8571943543,9090.119811
-81.992947,121,-17.1347903236,9112.570274
-82.340225,129,-17.3570349122,9136.688636
-81.518149,122,-16.724683534,9161.05098
-83.58024,124,-18.0959989572,9184.001085
-83.520572,126,-18.2823006717,9207.785654
-82.066503,123,-17.3803751636,9231.161624
-82.303913,121,-17.4290802811,9254.147017
-80.272616,119,-17.2960341267,9276.20891
-81.622839,125,-17.7623683996,9300.105663
-83.626939,130,-17.7534403194,9324.411148
-81.302127,121,-17.3861466868,9347.622895
-79.313211,118,-16.8561971342,9369.280365
-81.366049,122,-16.565009558,9390.989132
-79.527787,120,-17.3830368224,9414.725137
-77.568859,118,-16.9834528517,9436.578052
-80.555925,124,-16.7796615558,9460.166786
-81.298786,121,-17.0879405302,9481.570423
-81.045408,119,-17.1539085941,9502.435656
-81.371983,118,-17.8013017874,9524.311534
-81.80881,122,-17.3534816575,9548.849289
-81.207411,121,-17.2591059491,9570.391833
-80.065193,120,-16.951146303,9592.197828
-78.942606,118,-16.7429288972,9612.875224
-80.525773,121,-16.7445927994,9634.558016
-80.810786,121,-16.8522773748,9655.858446
-82.552445,123,-17.6053279821,9679.175814
-79.538174,118,-16.3368726586,9700.117628
-81.722044,122,-17.5694713587,9724.091624
-79.774142,118,-16.8381107087,9745.15282
-82.120835,123,-17.1819542678,9766.81828
-83.439006,128,-17.944568191,9790.991716
-81.071084,123,-16.9310461915,9813.300684
-81.169417,125,-16.1296650113,9835.86748
-81.602194,120,-18.0430320105,9857.83968
-81.067577,119,-16.8590509159,9881.076681
-80.586666,118,-17.8541323175,9902.572121
-81.752414,123,-16.8754016881,9926.804228
-82.054283,119,-17.7068440326,9949.7347
-80.22904,119,-16.580949703,9971.816528
-80.395567,117,-16.5742011421,9994.251181
-80.485621,118,-16.9266929069,10016.588139
-80.892849,122,-17.8520741585,10039.358237
-79.390129,121,-16.3670165103,10063.059269
-80.259402,120,-16.3240811872,10085.256871
-80.880523,121,-16.3945182622,10106.945501
-80.69587,120,-17.0543431691,10129.392852
-81.535555,121,-17.8400944236,10151.922513
-81.543505,119,-17.3949887312,10173.168974
-82.007453,123,-16.8478310342,10196.94495
-80.030818,117,-16.9359745518,10218.059069
-80.468189,122,-16.5045339231,10240.827616
-81.880685,121,-18.0237106433,10264.280821
-82.177855,126,-17.3280843701,10288.190178
-79.687317,120,-16.8726085693,10311.81838
-81.048381,124,-16.5069007186,10333.406665
-78.50243,120,-16.4767806508,10354.176834
-81.423356,121,-17.2302755193,10376.36038
-79.942492,119,-16.8860678439,10398.544374
-78.301193,122,-16.7850284745,10421.318778
-80.734687,119,-16.5683740818,10443.341157
-81.138103,120,-17.3923676611,10466.797235
-81.23373,124,-17.5717900943,10489.720587
-80.009613,122,-16.3110080469,10513.16763
-81.465989,118,-17.1857005548,10534.50757
-80.493796,120,-17.1973597339,10556.68739
-79.508789,122,-16.4053644427,10579.187203
-81.478051,122,-17.1263090832,10602.272435
-81.515272,123,-16.9761083964,10625.051293
-80.137609,122,-16.6227165431,10647.050053
-81.641677,121,-17.3219362287,10669.263634
-82.053919,120,-17.5504990604,10693.395968
-80.438275,119,-16.7622393624,10714.710759
-80.602123,123,-16.6587792979,10736.700944
-80.206539,122,-16.2533598321,10759.373715
-78.96457,116,-16.5270704595,10781.112119
-81.34442,121,-17.2436308965,10804.774949
-81.164188,120,-17.0300336584,10826.050187
-81.044616,122,-16.924888594,10848.512855
-80.663138,118,-16.621519205,10870.879724
-82.106212,122,-16.8382387289,10893.490637
-78.243736,118,-16.1700838088,10915.167482
-80.365064,118,-17.1075136994,10937.235787
-79.519738,120,-16.8944974071,10959.616782
-81.964547,126,-17.1671528088,10983.362702
-81.957519,122,-17.419659842,11005.215225
-80.869076,121,-16.6212333339,11028.238313
-80.165911,122,-16.3573264154,11049.932118
-82.117483,124,-17.6085718799,11075.198886
-80.705753,123,-16.8743417087,11098.650809
-79.504167,119,-16.5290044498,11120.561479
-79.699555,122,-16.6467983804,11142.202957
-78.989617,119,-16.6458258604,11164.858208
-78.722442,119,-16.764874402,11186.424314
-80.536088,118,-17.6582387855,11207.751685
-80.870606,124,-16.7594565995,11228.529139
-80.705446,122,-16.7556537299,11249.053777
-81.440686,122,-17.2756876473,11270.883648
-80.729442,119,-16.9383082777,11291.756838
-82.577554,122,-17.7671363149,11312.631764
-81.156065,122,-17.0805877359,11333.913563
-81.391314,122,-17.1679671837,11355.165649
-81.994084,125,-17.3533250955,11377.341452
-81.908999,125,-17.2043718569,11400.044742
-79.85661,124,-16.4182043142,11423.003019
-81.88639,124,-17.0897218008,11444.941731
-81.014706,119,-16.970238803,11465.360263
-81.901516,121,-17.3456934913,11485.679469
-79.495282,118,-16.764407956,11504.805005
-82.477572,126,-17.6845357058,11526.357064
-82.692126,124,-17.550741481,11547.825696
-80.646468,120,-16.9385592594,11569.479961
-80.206854,119,-17.2805505398,11591.647688
-79.546305,122,-16.2319554895,11613.56228
-80.202975,120,-16.6010386775,11634.415202
-79.101682,117,-15.9231461077,11654.344296
-78.386091,119,-16.0999201146,11675.883246
-80.744845,120,-17.2430069787,11697.343003
-81.572209,120,-17.252032208,11718.078903
-81.68993,118,-17.4765250226,11740.031772
-81.57991,123,-16.8037380415,11762.749403
-82.015973,124,-17.1046512375,11786.743608
-80.046755,121,-16.8240131189,11808.252944
-79.925466,121,-16.4525191984,11829.850594
-81.836882,121,-17.7008410486,11852.21361
-79.645432,120,-16.9707033828,11873.551258
-80.926669,123,-16.4640095004,11895.426799
-81.270429,126,-17.000791722,11916.804623
-78.579503,119,-16.3273534907,11937.73127
-78.659818,116,-16.4197358755,11957.709002
-81.960671,122,-17.0668114804,11979.025544
-79.926266,120,-16.5104441148,12000.788826
-80.334507,120,-16.6152261259,12022.575553
-79.744811,120,-17.1056198781,12042.880836
-80.434606,119,-17.3932519687,12065.360775
-82.519627,125,-17.1446022801,12087.633614
-80.574989,121,-16.5311826584,12108.930183
-80.459905,121,-16.6572867836,12129.659008
-80.676507,127,-16.4898764088,12153.960159
-80.167315,118,-16.6607416876,12175.514028
-81.591681,122,-17.4469718015,12197.976985
-81.161556,119,-16.6668970726,12218.874597
-78.451764,118,-16.4636235334,12240.682151
-81.113492,122,-16.6595086353,12262.975514
-84.234982,133,-18.5261338703,12285.8588
-79.826165,120,-16.7241271205,12306.823899
-81.053124,121,-16.9193243507,12328.330349
-81.361821,121,-17.2866212659,12351.584385
-80.783847,122,-16.8094612753,12373.354131
-79.716901,119,-16.9481811745,12395.557642
-80.564894,120,-17.2891181796,12416.684051
-81.438158,120,-17.236484215,12438.128823
-80.868049,121,-16.8084893102,12460.46224
-81.517247,124,-16.67186595,12482.214857
-79.406719,120,-16.3272913318,12504.100355
-81.205206,125,-16.580429029,12527.833276
-82.531674,122,-18.0699759842,12549.171077
-79.999818,117,-16.7200277503,12570.181032
-80.104676,119,-16.8756030774,12590.985269
-82.370483,121,-17.8805175603,12612.291277
-80.138413,120,-17.2755604334,12633.115948
-79.624735,120,-16.0990575491,12653.359936
-80.848264,121,-16.6005768892,12674.934414
-80.663278,121,-17.3418670111,12696.839414
-81.554585,118,-16.824617813,12717.226728
-81.453051,123,-16.6192449226,12739.984096
-79.045214,120,-16.6382594733,12762.000361
-81.333393,121,-17.2599753804,12782.377345
-82.048349,121,-17.8600594496,12803.532658
-82.72335,123,-17.5227539999,12825.577517
-81.29567,122,-17.1589025523,12846.82687
-81.092883,122,-17.0669368787,12868.732732
-81.024297,120,-16.8072054543,12892.226689
-80.331273,119,-16.9531490105,12913.588572
-79.735274,119,-16.6840656604,12934.20103
-80.208451,121,-16.672722578,12955.236852
-79.52451,119,-16.7569576363,12977.000896
-81.011332,123,-17.6934113881,12999.519458
-81.264807,121,-16.6729527609,13020.940123
-80.331414,124,-16.515781871,13042.94905
-81.019871,121,-17.4375387288,13064.723768
-82.871399,121,-17.5637419773,13086.153275
-79.634541,122,-16.2187590975,13108.022294
-81.964374,127,-16.8204544875,13130.043071
-77.791549,124,-15.8683658347,13152.982205
-82.104137,119,-18.1783573288,13174.740555
-83.207041,124,-17.9830337739,13197.289221
-80.82147,119,-17.6390910677,13217.642581
-82.441817,123,-18.2652532542,13239.674824
-80.745299,122,-16.3988938901,13264.213311
-80.367976,118,-17.1814924821,13285.698991
-81.91098,121,-17.4830889791,13306.294197
-81.032085,122,-16.6027513642,13328.164325
-78.905562,120,-16.9401793757,13349.073943
-81.254841,123,-16.5131222443,13371.075041
-81.407012,124,-16.742847722,13393.617737
-79.508709,121,-16.2433885421,13415.779482
-81.057434,119,-17.3427922522,13436.985164
-80.314061,119,-16.7040078479,13457.666363
-81.292336,122,-16.8692568319,13479.470778
-83.005703,128,-17.8002296307,13503.278031
-81.252492,121,-17.0626535394,13524.774894
-82.107276,121,-17.3837493987,13546.043281
-80.176965,119,-17.0564976453,13568.122243
-81.539542,125,-17.0613106655,13589.715538
-80.497083,122,-16.9150799423,13611.034535
-80.057299,121,-16.8091704878,13633.688493
-82.234081,122,-17.439451146,13655.773845
-80.984693,120,-17.0012067255,13676.720074
-77.688908,118,-15.8924402688,13698.35942
-78.807653,122,-15.7378363158,13720.170775
-81.776097,122,-17.3395813374,13741.705859
-81.405199,121,-17.0331525069,13762.665034
-79.795335,119,-17.2296277466,13783.752729
-80.903619,120,-16.6115930537,13806.310022
-79.273472,116,-16.5485679521,13827.281936
-80.028927,121,-16.792704169,13848.97593
-81.656738,121,-17.0163731164,13869.756165
-80.529795,121,-16.6741954715,13891.05477
-77.999766,120,-16.101912556,13912.749946
-81.506936,121,-17.8181540114,13934.681593
-81.8117,119,-17.5227033082,13955.549695
-80.652008,120,-17.0237613034,13977.807274
-81.057062,122,-17.7878062176,14002.680795
-80.02882,122,-16.7003480269,14024.703372
-81.488806,122,-16.8443786598,14046.59797
-80.44678,119,-16.976412577,14067.457733
-80.15864,117,-17.323669533,14087.797159
-81.07859,125,-17.1911521504,14111.166934
-81.087195,120,-17.6808070884,14131.952959
-80.570872,120,-16.4875862486,14153.430064
-79.895203,121,-16.3115066873,14174.169415
-78.02591,118,-16.2197049861,14195.402746
-80.955733,118,-17.4870975289,14217.759385
-81.705474,127,-17.239923259,14240.754596
-81.109548,120,-17.4406412661,14261.235891
-81.036906,120,-17.2354370808,14282.632208
-79.360228,119,-17.0947385239,14304.789734
-79.801567,123,-15.9454798372,14326.972233
-81.020859,123,-16.59355011,14350.386367
-78.95686,118,-16.9809710035,14373.834108
-79.795399,118,-16.9243043815,14394.281063
-80.521873,119,-16.5880808421,14416.345361
-80.663186,119,-17.3275738372,14438.135896
-82.852374,123,-17.6353011454,14459.420101
-80.778197,121,-17.2465850068,14481.633026
-79.266482,116,-17.0374626519,14502.383248
-81.943582,122,-17.5221499162,14525.381313
-81.733059,123,-17.0765494459,14547.946233
-80.758009,120,-16.8893698166,14569.343607
-79.517125,120,-16.6031128083,14589.995055
-81.376456,119,-17.0334423217,14611.317776
-81.19446,121,-17.0149264266,14633.532647
-80.360945,120,-16.8367872659,14654.994883
-80.700428,121,-17.1597012779,14676.973187
-79.833257,126,-16.2928889642,14700.098641
-79.928696,122,-17.0211206588,14722.116521
-81.012571,122,-17.3623730038,14746.348767
-79.696823,124,-15.9642303626,14769.968884
-81.336522,122,-16.769089615,14792.477869
-80.255789,124,-16.6051154869,14813.534664
-79.139686,119,-15.9178215943,14834.9106
-80.436339,118,-16.6971591958,14856.466542
-82.220647,126,-17.2237867125,14879.065774
-80.020667,119,-16.7127134355,14900.11824
-80.789255,121,-17.3514946749,14920.975786
-80.621596,119,-17.0664133669,14941.498971
-78.939395,126,-15.9362738017,14964.552418
-81.532633,124,-16.9395311547,14987.613244
-81.231456,122,-16.7191299068,15010.140225
-81.385356,118,-17.6010048407,15030.683595
-81.290632,120,-17.1541703576,15053.237729
-81.21885,122,-17.0971229962,15074.815268
-81.806568,122,-16.8798780201,15098.089247
-81.986105,120,-17.3852587596,15119.872887
-80.59198,122,-16.9739622705,15140.900554
-81.171888,121,-17.1895417413,15163.221009
-79.812898,121,-16.1184089732,15184.870073
-81.350901,121,-16.7761701791,15206.932173
-79.960315,116,-16.7680744851,15227.513307
-81.323919,122,-17.2066495001,15250.488479
-82.64277,123,-17.4817065535,15273.28397
-80.209358,120,-17.0998588937,15294.704267
-81.023986,119,-16.6950128542,15316.150195
-80.004005,121,-16.9338739873,15337.635619
-81.170287,121,-16.9648774113,15358.781887
-80.725942,121,-17.6156955581,15380.725191
-80.985517,120,-16.8482205882,15401.997627
-80.593807,119,-16.8059857374,15423.391369
-80.665898,122,-16.4779867592,15445.01505
-80.897184,122,-17.2027131394,15469.189653
-80.783052,122,-16.7430613659,15490.861343
-82.718696,125,-17.7931063685,15513.223265
-81.984848,122,-17.0628117223,15534.859497
-82.064049,122,-17.1752466635,15555.893099
-79.519791,121,-16.4586633771,15578.652593
-81.844102,117,-17.4378891466,15599.160721
-80.782481,119,-16.934423429,15621.180181
-79.878756,122,-16.1210334627,15643.116566
-80.191322,117,-16.6699529222,15664.612622
-82.008877,125,-16.8971653386,15685.19091
-78.626025,119,-16.3089595896,15706.107557
-79.749592,119,-16.8269841772,15727.72481
-79.909635,118,-16.7257949967,15749.170122
-81.47858,120,-17.41565089,15772.185597
-79.41089,116,-15.8500561544,15792.877649
-80.792668,120,-17.1797938397,15814.313825
-80.139278,121,-16.7958687889,15838.183415
-81.427062,125,-16.6166189265,15860.790765
-79.637947,120,-16.4585699032,15882.706759
-85.375083,132,-19.5471045659,15907.073883
-76.045806,118,-16.1753058255,15928.50149
-82.252266,125,-17.3744628417,15950.934172
-81.387724,126,-16.9708938148,15972.981264
-80.77915,121,-17.4611219401,15994.221149
-81.79752,121,-17.4281404745,16015.082973
-78.983194,122,-16.1204148156,16036.570249
-81.51744,123,-17.616812782,16057.487847
-81.600344,123,-16.7354731733,16079.172727
-81.481262,120,-17.3462696735,16102.222814
-80.441882,117,-17.9808484089,16123.717625
-83.572415,122,-18.2069328557,16146.510671
-81.070984,121,-17.3857802541,16167.98945
-79.851758,122,-16.4003914008,16190.258401
-79.476102,119,-16.8658688738,16214.731054
-80.710185,123,-16.3978847036,16236.769139
-80.380924,119,-16.4719283526,16257.631952
-80.893768,121,-16.96581553,16280.275468
-80.837801,121,-16.9799380099,16301.624413
-81.530145,120,-17.1984924261,16323.842545
-80.010072,122,-16.1308970074,16347.116085
-80.411765,118,-16.5060145416,16369.07373
-79.9752,119,-16.8054759084,16391.253573
-78.280835,119,-16.555058954,16412.618899
-81.399088,123,-16.8834273859,16435.047374
-81.916955,128,-17.1270049871,16458.465753
-81.879239,126,-17.1140950124,16481.213904
-79.980752,119,-16.6233876985,16502.752651
-80.248156,119,-16.5866743198,16525.338427
-80.418737,122,-16.2693146998,16547.732884
-81.290775,123,-16.9523436239,16570.484669
-81.992333,121,-17.439344122,16594.104639
-79.441155,121,-15.8816578521,16615.237795
-79.242314,123,-15.8519321956,16636.740883
-80.453277,120,-17.094056062,16658.881404
-80.149265,119,-16.4371868681,16680.353737
-80.444607,122,-17.0287577347,16703.311575
-79.966597,118,-17.0648425226,16725.331965
-80.227377,119,-16.4690548172,16746.777378
-82.289338,126,-17.4018788979,16769.842769
-80.800163,123,-16.8450751981,16792.108503
-79.828146,120,-16.9158650425,16813.844085
-80.417469,127,-17.0379229669,16836.989802
-78.913003,121,-16.3705140521,16858.887519
-81.871699,130,-16.9811360451,16882.497968
-81.423169,126,-16.8636879536,16905.288628
-81.042295,119,-17.3348959133,16926.877328
-80.609133,124,-16.0960569437,16950.332211
-80.758416,124,-16.9017707542,16974.601307
-79.421978,121,-17.0529265536,16996.097624
-82.000853,123,-17.5728045139,17017.736094
-80.016331,119,-16.236658255,17038.453334
-80.490837,120,-16.5136093581,17061.370538
-82.144844,121,-17.6696923432,17083.091102
-79.781165,119,-16.3033400698,17104.609206
-79.519302,120,-16.2201265284,17125.784811
-82.421651,128,-17.3816829363,17148.766194
-80.674471,120,-17.0001709572,17170.259237
-80.277817,123,-16.6051292749,17192.821005
-80.548061,119,-17.3452707485,17215.728696
-81.721867,126,-16.9165101276,17238.803644
-79.420478,120,-17.2072730677,17261.791665
-79.381656,120,-16.1289884157,17283.246315
-79.389508,121,-16.2092377077,17305.309451
-83.147573,124,-17.2918486323,17327.016244
-81.300475,124,-16.7597211285,17351.524458
-80.399971,118,-17.7016357053,17372.721301
-80.554285,124,-16.5087255846,17395.157588
-81.828305,124,-16.8102727704,17417.484038
-79.137054,118,-16.3508911072,17439.573324
-80.853513,124,-16.8314830968,17462.403944
-78.928663,123,-16.2324194923,17485.479601
-81.316295,125,-16.4226791124,17507.846632
-83.202661,131,-17.3508971989,17531.317846
-80.92994,122,-17.0888035762,17553.593545
-79.037582,119,-16.3688845467,17575.183907
-80.666009,121,-16.5694477433,17597.401651
-83.024834,124,-17.9147073111,17620.571988
-79.930286,124,-16.0096160897,17644.580784
-79.650657,116,-16.3665432965,17665.411895
-81.902051,123,-17.0870318451,17687.808447
-80.647114,118,-16.9613946585,17710.983877
-81.157841,123,-16.8332649063,17734.352701
-82.114691,122,-17.4941701168,17757.71741
-79.700518,118,-16.8442913123,17779.998877
-78.666212,117,-16.247202593,17801.134326
-80.405102,125,-16.8557388278,17822.898834
-81.97829,125,-17.0066987551,17846.853893
-81.383169,124,-17.0852434958,17868.98749
-79.291206,119,-16.3108936003,17890.70155
-81.223219,121,-17.0532605448,17911.620071
-82.648206,121,-17.9183388111,17934.069203
-80.023449,118,-16.8791480401,17955.414184
-77.852113,119,-15.95527394,17976.247456
-78.304683,123,-16.1532010486,17999.047826
-81.607477,125,-16.778384883,18021.757596
-82.435659,128,-17.5884490626,18045.363498
-80.400523,124,-16.4566951655,18067.448084
-80.790791,123,-16.6968487912,18091.442509
-79.810966,119,-16.5608198445,18112.253909
-80.793679,119,-16.9716347681,18134.957865
-82.649228,125,-17.4171867548,18158.572788
-80.179308,121,-16.4228026729,18180.214596
-79.196797,125,-16.0339633439,18201.635083
-79.235237,123,-16.5594179739,18226.044121
-80.340054,121,-16.5415956068,18249.108954
-81.13045,124,-16.7884756144,18272.295495
-81.196554,126,-16.6521234593,18296.395442
-80.989432,122,-16.580785629,18320.147888
-81.347883,123,-16.5092378545,18344.963408
-80.538032,121,-16.8097671094,18367.627043
-79.316132,119,-16.8318872524,18388.991064
-81.061498,122,-17.0828691883,18411.660049
-79.856536,121,-16.3996959733,18433.880154
-81.508435,126,-16.6037606149,18456.818242
-77.876843,119,-15.5611637035,18481.16673
-80.550146,119,-16.756237369,18503.099909
-77.956391,115,-15.6643396423,18524.263445
-82.905606,127,-17.1517986806,18547.918232
-81.388389,122,-16.7358899365,18569.914281
-81.38373,119,-17.3897777371,18592.036744
-81.751121,121,-18.4345079221,18613.078747
-79.669276,118,-16.6723545324,18634.747526
-80.091968,120,-16.5648136142,18657.295028
-79.72853,122,-16.8421344044,18679.738113
-81.813241,124,-17.4399709182,18703.757848
-80.430616,120,-16.6649014418,18726.60595
-81.892329,123,-17.1905284865,18749.834493
-82.143883,121,-17.2509912506,18772.591163
-80.243316,117,-16.8869474633,18793.025043
-80.01655,121,-16.7916551876,18815.708167
-80.4709,126,-16.7617456329,18840.450186
-82.19268,132,-18.2317344819,18867.850537
-80.515873,121,-16.9438547916,18891.023592
-81.540639,122,-16.8223675854,18915.574027
-79.248426,123,-15.9788911877,18940.471767
-80.439073,124,-16.4273199064,18965.099061
-80.127796,121,-16.6857711666,18988.751591
-76.336297,120,-15.7890122794,19013.053784
-79.308118,120,-16.0559355556,19036.607064
-78.145474,117,-16.2442174806,19059.326844
-80.521626,126,-16.3428041285,19084.220048
-80.291598,118,-16.866530512,19106.447638
-80.30321,123,-16.6602332113,19131.144076
-78.756978,119,-16.4113081252,19155.156727
-80.874435,123,-16.6890507042,19179.319623
-78.260167,120,-16.0064045887,19202.907053
-82.401455,123,-17.8633987055,19227.092806
-79.79968,118,-16.6425370259,19251.321719
-77.983132,122,-15.9415180253,19276.729496
-80.949203,124,-16.8898259229,19300.938847
-79.440582,125,-16.1071472751,19325.590366
-80.417296,120,-16.8592414473,19348.180669
-79.244358,120,-16.789525722,19372.629692
-80.31803,122,-16.9104852462,19397.208707
-81.65369,119,-16.9882257893,19421.113439
-79.093922,121,-15.8666819489,19445.536601
-82.513585,123,-17.2441687199,19469.983745
-80.363939,125,-16.5008589236,19495.432306
-80.583562,120,-16.9819258189,19519.333753
-79.654608,122,-15.7971227841,19543.029128
-80.205072,120,-16.628604927,19566.637352
-80.298334,118,-16.7000709991,19589.374631
-80.484146,121,-16.703284239,19614.321146
-81.602408,123,-18.1457758945,19638.477958
-81.310491,123,-16.6567382887,19663.951481
-81.122625,125,-17.391551387,19690.366147
-81.17956,122,-16.4971495356,19713.609056
-81.0938,125,-16.6817032668,19738.876653
-80.982326,120,-16.6791787591,19762.494432
-80.218409,120,-16.6684428051,19786.864402
-82.220578,124,-16.6824074692,19811.224461
-82.096508,125,-16.8725773918,19835.206374
-78.219965,123,-16.3428070344,19859.661781
-80.075878,119,-17.2673037031,19882.54655
-79.477071,126,-16.4672452043,19907.279987
-80.3834,123,-16.8697880492,19932.018747
-79.911993,120,-16.4243231681,19955.767797
-81.198693,127,-16.4319964354,19980.487511
-79.312632,121,-16.2735781704,20004.688697
-80.156596,122,-16.5627224892,20029.097215
-80.987315,121,-16.7686728011,20053.020192
-79.659196,118,-16.0395957885,20078.005251
-80.460599,125,-16.3286883549,20102.781988
-81.13945,123,-16.6692345639,20126.391383
-79.713157,121,-16.03743769,20150.507449
-81.569928,126,-17.0977258848,20175.632907
-81.455399,124,-16.7961368707,20199.848058
-80.995202,121,-16.9922633208,20222.319042
-80.378421,124,-16.1703768162,20247.357371
-79.108988,121,-16.6531182144,20271.325609
-78.483052,116,-15.6597487281,20294.129576
-78.346842,120,-15.7379859259,20317.541235
-80.198463,120,-16.871075872,20340.977867
-80.774177,121,-16.9294414787,20364.923583
-81.131768,119,-17.3985192124,20387.955478
-79.23346,120,-16.4161304561,20411.825109
-82.196801,121,-17.4097099889,20436.276697
-79.165603,120,-15.91308427,20460.707456
-81.398321,121,-16.8830857869,20485.755094
-81.236068,125,-16.991056154,20511.450038
-80.669469,120,-16.65268665,20534.568066
-81.226584,125,-17.6054558863,20559.494288
-78.074837,122,-15.8999564392,20583.914783
-79.928375,120,-16.3690192103,20607.9975
-79.334802,120,-16.4821049716,20631.517053
-80.794687,122,-17.093667499,20654.821966
-81.922453,120,-17.9663849417,20678.268938
-79.662513,120,-16.7250515789,20702.181572
-81.329406,121,-16.7768217578,20725.771385
-80.156734,116,-17.1678066843,20748.749607
-81.358435,125,-16.585417419,20773.258051
-82.42263,123,-17.6069864677,20797.415345
-83.013692,126,-17.4092834852,20823.302571
-80.184268,121,-16.4406828688,20848.093883
-80.515626,120,-16.5623589228,20871.259042
-80.824833,122,-16.8164632656,20896.02741
-80.481918,123,-16.4156445473,20919.93645
-80.405789,117,-17.1306924059,20943.010651
-82.739795,124,-17.6458471926,20968.283476
-82.358931,128,-17.7577235921,20993.486052
-79.548688,120,-16.3749784383,21017.790459
-80.413173,119,-16.5248817619,21041.773615
-80.602343,119,-17.021406947,21064.467004
-79.098184,121,-16.4543611531,21088.147059
-79.189686,120,-16.6121514578,21111.746972
-81.091877,119,-17.1334027901,21135.35202
-79.942848,123,-16.2276486427,21160.027282
-81.556651,124,-16.7311794024,21184.75412
-80.953789,120,-17.5343986386,21208.397763
-81.257011,124,-17.939830592,21232.4524
-79.600669,120,-17.8131953706,21255.723655
-81.038148,121,-16.9326705313,21279.918097
-79.999564,122,-15.8282203673,21305.498225
-80.945727,122,-16.3859466514,21329.691584
-81.536145,129,-16.9670126517,21354.447317
-77.431271,118,-16.3045305204,21378.492435
-81.631665,122,-17.0995141429,21402.122622
-82.312039,125,-17.753112292,21426.456917
-80.19105,122,-16.178828218,21450.417965
-81.387371,121,-16.7982332439,21474.660409
-79.581133,120,-16.5712137626,21499.175218
-80.280959,125,-17.0149061643,21523.226391
-78.096313,122,-15.8924890597,21547.540869
-79.549405,124,-15.428849125,21572.45577
-79.65132,118,-16.848306322,21595.420624
-79.036296,121,-15.7061741599,21619.32733
-80.485952,124,-16.0010426232,21644.281629
-79.895586,118,-17.0399299827,21667.600115
-81.555587,124,-17.0070573407,21692.062646
-80.231074,128,-15.9546527627,21717.873564
-80.340979,122,-16.9532894183,21741.779976
-80.760146,120,-16.4555889127,21766.158432
-80.954182,118,-17.7864331532,21789.240988
-83.780463,131,-17.8994696513,21815.79576
-79.286808,119,-16.9247156778,21839.895572
-80.683818,126,-16.9211411852,21865.091249
-79.932002,121,-16.7186831911,21888.841523
-80.363513,122,-16.4959784461,21912.447454
-80.067433,125,-17.0605724032,21937.029256
-79.429878,121,-16.8927264069,21959.753876
-80.435422,119,-16.6698744243,21983.252154
-80.439819,120,-16.2926242497,22007.351079
-80.09824,120,-16.4284645154,22030.86558
-81.399069,123,-17.7687765029,22055.547245
-78.837001,119,-16.4022399623,22079.815238
-78.97959,121,-16.0657822182,22105.697101
-79.752663,124,-16.0045504592,22130.171761
-80.923124,123,-17.1698444089,22154.688783
-79.930712,121,-16.8672063335,22178.215319
-81.831863,123,-16.6824278792,22201.394327
-80.202659,120,-16.4347473004,22224.94122
-79.329044,121,-16.012251977,22248.87834
-81.279504,122,-16.6283318792,22271.734715
-78.986379,120,-16.9824524972,22294.638704
-78.836903,119,-16.1374603863,22317.998274
-78.769184,122,-15.6938390158,22342.042802
-81.107852,129,-15.7487050616,22367.068834
-81.157086,123,-16.9895059181,22392.18403
-80.306,121,-16.2853131211,22415.94304
-80.581703,125,-17.7196828332,22441.200377
-79.950785,122,-16.6026172601,22465.33422
-80.632944,122,-16.5616799508,22487.950857
-79.333898,123,-16.2830811905,22513.499316
-79.1076,123,-15.9960570519,22538.132998
-78.476468,124,-15.9653871715,22563.336026
-83.724821,127,-17.8038397856,22588.860206
-82.940436,128,-17.5603059986,22612.518729
-77.871527,120,-15.6393316623,22634.213042
-80.771199,122,-17.0919516245,22656.37218
-79.39291,120,-15.8238525402,22677.432564
-79.497474,123,-16.0255317645,22699.724965
-80.14831,123,-16.6031323593,22721.514177
-81.363123,126,-16.4783411435,22745.260437
-80.858157,123,-16.7991373535,22768.154656
-80.316034,123,-16.5360427021,22793.587107
-79.273141,121,-16.1834861241,22816.383446
-83.174104,126,-17.2862144259,22839.678337
-80.433294,126,-16.4570511927,22862.527441
-80.381349,122,-16.3431831693,22883.166387
-80.09792,119,-16.9632759238,22904.307137
-79.873611,120,-16.4529155495,22924.238265
-79.4392,120,-16.44919806,22943.710351
-79.556042,117,-16.2114426057,22963.933276
-79.845442,122,-16.720363031,22984.693627
-79.286482,119,-16.0572783407,23007.04503
-80.045246,119,-15.9560169652,23027.643402
-79.59424,123,-15.928032629,23049.780073
-82.487821,125,-17.1418195761,23071.494329
-79.983256,122,-16.4797072297,23092.89842
-77.97237,119,-16.5184721368,23112.837879
-79.894665,120,-16.6015489056,23133.4956
-78.834844,121,-16.4952955547,23154.721947
-80.461106,119,-16.773180924,23175.188255
-80.829367,121,-17.2770991783,23195.798346
-79.788814,119,-16.2611170522,23216.647571
-82.058978,121,-16.9965092622,23237.003642
-80.963143,124,-16.8549699756,23260.355499
-80.409491,123,-16.5477657387,23282.073676
-79.526407,123,-15.968007762,23303.008407
-80.371534,118,-17.0834232691,23322.670639
-80.322548,119,-16.3924473031,23342.619157
-78.247597,117,-17.1790265379,23362.264625
-80.706235,121,-16.9769309937,23382.730567
-81.25462,118,-17.6116355423,23402.842642
-80.503354,120,-16.5890175681,23422.50347
-80.695977,125,-16.4126442539,23444.668957
-80.293287,120,-16.9335796029,23464.65725
-80.974116,121,-16.6973753834,23486.150063
-80.840691,125,-16.3657813338,23507.832414
-80.894789,125,-15.9314019553,23528.603059
-79.967794,121,-16.2944535182,23549.487455
-81.181433,120,-17.3594060359,23569.329825
-81.368971,129,-16.3176082494,23591.405676
-80.26518,120,-16.7783364429,23611.762648
-78.910907,120,-16.1430305213,23632.744034
-80.270512,119,-16.4499088482,23653.056052
-80.960066,123,-16.7977069584,23674.389218
-80.91481,125,-16.8122206812,23696.394554
-79.27409,125,-15.7560085934,23718.133686
-79.362366,122,-15.7340671774,23738.477347
-79.943683,119,-16.561725856,23758.723037
-81.625465,125,-16.7949884695,23780.355438
-80.198325,123,-15.9720752226,23802.24828
-79.31679,122,-16.2024295783,23822.797109
-81.660125,129,-17.2675853691,23844.795419
-79.917134,122,-17.2415750911,23865.729126
-82.330634,125,-17.2839061471,23888.126329
-80.03844,122,-16.6396110304,23908.977071
-80.121197,124,-16.5965570369,23931.033845
-80.056165,124,-16.4676191724,23954.935219
-79.444118,124,-16.0086030227,23975.941222
-81.675407,125,-17.3562277562,23997.889426
-81.493433,126,-17.2489788858,24019.388808
-80.880753,124,-17.1214698082,24043.075507
-80.873108,127,-16.2720125428,24064.862031
-78.586278,119,-16.117574307,24084.734478
-79.930592,120,-16.64756544,24105.210739
-80.199369,124,-16.4449213155,24126.811361
-79.852697,118,-16.2408283378,24146.381934
-81.396811,121,-17.3181316574,24166.068455
-80.415598,123,-16.3684333696,24186.436281
-77.845215,121,-15.8146078729,24207.303016
-82.322047,124,-17.7668679083,24228.969988
-79.021736,120,-15.8410302915,24248.404753
-80.890957,122,-16.8931963539,24270.128421
-79.494295,126,-16.4749883906,24292.718831
-80.485848,120,-17.0554809135,24315.15028
-78.410405,120,-15.8065579058,24336.111378
-80.858421,125,-16.4958279314,24358.018622
-79.605096,122,-16.0662898355,24379.311182
-80.660798,130,-15.9134450154,24401.934775
-81.195814,122,-16.6667751957,24422.400567
-81.824293,121,-17.2310535474,24443.785761
-80.525111,127,-16.7588067276,24466.59324
-81.168245,122,-16.9466464739,24487.908133
-80.307349,122,-16.4777605477,24509.162289
-78.973832,122,-16.5723361898,24529.772736
-82.726077,126,-17.4183147341,24552.06922
-79.831935,121,-16.6166666835,24572.854499
-80.240969,118,-16.5907681399,24592.428644
-80.526342,123,-16.7218360795,24614.246891
-81.080301,120,-17.3487697028,24635.316285
-78.862329,119,-16.0666388312,24655.713324
-81.675474,126,-17.1708007717,24679.858139
-78.765813,117,-16.5967325304,24699.732925
-80.532894,122,-16.4948397001,24720.40994
-79.070086,124,-15.9854905884,24741.646722
-79.606989,126,-16.632968111,24763.675185
-80.639064,121,-16.6035787222,24785.370482
-80.528325,125,-16.904763286,24807.195059
-79.638385,125,-16.3556243151,24828.729506
-80.597462,123,-17.089673102,24848.644691
-80.230447,129,-16.4067982624,24871.45379
-80.210653,121,-16.7321134767,24891.136919
-78.031785,116,-16.1689035736,24910.274864
-81.81681,124,-17.424599288,24931.938395
-80.542854,122,-16.3372474604,24954.143619
-80.971498,123,-16.7877587611,24975.313386
-81.352178,119,-17.3907605628,24995.56653
-81.324915,123,-17.3761415161,25018.349655
-79.304792,124,-16.3339321039,25038.990038
-81.050272,119,-16.8608956399,25058.381575
-82.680373,122,-18.550939719,25078.948637
-79.649206,118,-16.8923446813,25098.59739
-82.088132,125,-17.6970988322,25120.808053
-77.384976,126,-15.3377782983,25142.304018
-79.752116,123,-16.450743868,25162.74787
-80.513693,121,-16.8343599261,25184.911181
-80.307637,122,-16.4517163047,25206.251493
-78.86826,124,-16.6672656484,25228.481604
-82.580617,129,-17.6484885314,25250.275409
-79.089724,121,-16.7891506264,25270.775281
-80.080545,121,-16.7120881739,25291.757466
-79.170114,117,-16.8829619993,25312.298785
-81.64866,126,-16.4358766187,25334.360112
-80.554088,124,-16.2165007245,25355.218393
-80.299766,121,-16.3035412061,25377.852187
-79.205094,122,-16.3864458103,25399.154136
-81.572473,124,-16.7472842299,25421.038102
-80.782456,125,-16.8331578612,25442.315266
-81.584175,123,-16.9155966409,25464.596176
-82.13696,123,-17.3507213385,25487.144183
-82.667047,129,-17.0078604592,25510.402591
-81.706611,122,-17.2932603016,25531.552922
-81.32337,125,-16.461686254,25552.990056
-79.992816,122,-16.2115429761,25572.606894
-78.758161,123,-15.5615604817,25593.152847
-78.836773,121,-16.2776333259,25614.506148
-76.201616,120,-15.4219529197,25634.935531
-80.966681,121,-16.9461493831,25656.072217
-80.140119,126,-16.1808114584,25677.960897
-81.120971,128,-16.7873789194,25699.490022
-79.94866,124,-16.7489043907,25721.666921
-77.319484,129,-15.0730991041,25745.70123
-79.747285,128,-15.7838801187,25768.025589
-80.01173,124,-15.8220027461,25789.0887
-79.69674,124,-16.2956463328,25810.160816
-78.720786,121,-16.3377681028,25832.150958
-79.197359,119,-16.9339060576,25853.23477
-80.378672,120,-16.7249673514,25874.266845
-80.756748,130,-16.4585764219,25896.676629
-79.268803,123,-16.6731167786,25918.313943
-79.340777,120,-16.0449345745,25940.469804
-79.474865,121,-16.3393266393,25961.333514
-83.513317,127,-18.2982278055,25983.695964
-80.308519,120,-17.1582744749,26004.010774
-79.718264,122,-16.0897537676,26025.337369
-80.968432,124,-16.2713632878,26047.373529
-82.11534,123,-16.8045054379,26069.278144
-80.682924,121,-17.1242031122,26092.051786
-82.197757,125,-17.2449693912,26114.074304
-81.562932,125,-16.6213539511,26136.372596
-81.602649,123,-17.1404125522,26157.859535
-80.739841,120,-17.125721491,26179.450165
-79.665283,124,-16.0914957283,26201.524121
-81.707709,124,-17.9351037143,26222.854768
-78.150749,124,-16.0362178648,26245.044982
-83.481304,127,-17.4734599237,26267.081329
-80.122041,120,-16.7100000603,26288.254002
-80.762338,124,-17.2386886316,26310.742494
-79.715498,121,-16.8568536512,26332.276639
-78.335215,120,-16.3419864192,26353.038799
-79.174512,125,-17.1047651431,26374.523697
-81.221644,124,-16.8895641816,26395.777496
-80.492858,125,-16.6311418595,26417.588184
-82.123382,127,-17.9861169396,26440.166106
-80.63697,122,-16.441144778,26463.328233
-81.465932,116,-17.4028589505,26482.790437
-81.156777,127,-16.4377102492,26504.732449
-81.766455,128,-18.0915313582,26527.639883
-80.872705,123,-16.4365390553,26549.964551
-81.771768,128,-16.89706766,26572.753251
-80.537133,124,-16.2733159002,26594.788589
-81.302355,130,-17.0720913287,26617.640541
-80.131613,121,-16.2834744441,26638.857885
-81.955955,132,-16.7255249809,26662.803413
-81.824632,126,-17.4801857086,26685.900285
-81.524581,125,-16.807215211,26708.029517
-79.755546,122,-16.6277193756,26729.01659
-80.874616,126,-17.3878969055,26750.362857
-80.21909,129,-16.0867976482,26773.239788
-80.421033,120,-16.6674193649,26794.883781
-79.904883,120,-16.621423227,26817.617811
-81.88622,132,-16.6648586501,26841.809821
-80.312691,129,-16.2367551499,26864.570536
-79.291206,123,-16.3820244514,26887.361477
-79.641225,119,-16.7796331054,26908.813589
-81.244273,125,-16.7846200359,26930.988698
-78.610757,120,-16.4930597837,26951.566078
-81.018201,127,-16.3475927619,26973.227966
-78.098934,120,-16.1318742915,26993.478968
-80.310764,125,-16.5870691517,27015.293451
-81.417169,124,-17.0465630224,27039.12479
-82.160539,128,-16.9141169215,27062.554336
-80.093449,123,-16.8480426079,27084.111641
-80.501713,123,-16.3018094267,27106.049231
-81.296011,123,-17.4588315452,27127.220439
-81.36291,119,-17.6933826284,27147.825349
-81.183815,123,-17.6532640123,27168.769764
-80.96267,130,-16.7963494759,27191.821885
-80.275736,127,-16.6140876944,27214.457964
-81.226116,131,-16.8116244129,27236.384867
-80.750164,121,-16.5722743275,27256.244669
-80.572714,127,-15.9495829841,27278.959932
-79.509819,118,-16.9871553367,27300.387425
-80.178092,126,-16.6420267169,27323.038217
-79.979136,123,-16.3790714187,27345.056744
-81.054456,122,-17.0069420318,27367.710357
-80.437744,119,-17.172578053,27389.430125
-79.70138,123,-16.2381214695,27410.822969
-79.772583,123,-16.1929359379,27431.081931
-80.249467,124,-16.7084708085,27452.244733
-80.426538,124,-16.7930262463,27474.067726
-81.210241,123,-16.8550181072,27494.787323
-80.440335,120,-16.7674992478,27515.907771
-79.533431,121,-16.6941917072,27538.736336
-81.006364,123,-17.2695983209,27561.04195
-79.860942,122,-15.9677845357,27583.136343
-79.26401,118,-17.2034665566,27604.24484
-80.478106,123,-16.2758219904,27625.212894
-82.745964,126,-16.7788113951,27647.043915
-78.681327,121,-16.976938696,27667.806979
-80.009546,126,-16.1420548042,27690.262367
-81.039543,123,-17.8742887527,27712.538369
-79.07965,125,-15.7799624764,27735.279105
-78.481994,121,-16.7044149438,27757.377837
-81.871652,129,-16.8301719939,27781.205525
-77.328327,120,-15.7047034854,27802.642959
-81.244558,123,-16.4994661268,27825.8598
-81.082132,121,-17.3525110064,27847.107467
-80.87355,134,-15.6891929424,27871.942822
-80.716603,127,-16.1874288017,27894.900875
-80.906233,125,-16.7786529347,27919.557832
-80.762551,125,-16.4157833002,27941.02359
-80.928841,127,-16.8147702326,27963.295936
-78.823816,128,-15.6853276397,27986.500722
-80.446131,126,-16.3741553014,28008.993165
-79.933731,126,-17.2912239823,28030.033363
-82.218963,121,-17.7632963364,28051.333647
-81.112264,125,-16.5351787259,28074.148311
-81.052447,122,-17.1988786904,28096.67747
-81.244479,123,-17.0258706858,28120.341893
-81.860782,124,-16.9973399969,28143.384809
-80.312046,125,-16.5739085605,28165.881836
-80.725987,122,-16.594453758,28188.255691
-80.073251,121,-16.3811553063,28210.629983
-77.44959,123,-15.3948580141,28232.153595
-78.508067,115,-15.6921994462,28253.431713
-81.459676,125,-16.3770232779,28278.029768
-80.978007,125,-17.213466445,28301.113355
-78.941995,125,-15.9051917751,28322.101792
-80.660654,123,-16.7481901932,28344.546926
-78.5112,127,-15.3625172094,28368.394201
-81.363762,127,-16.9092682003,28391.331031
-83.213204,134,-17.2132807167,28415.554492
-78.137694,123,-15.7072134649,28436.929896
-80.570285,124,-16.2178266376,28459.25643
-80.199468,122,-16.579602194,28481.109049
-79.369998,122,-16.4927358968,28501.857426
-81.639841,124,-16.4995278253,28523.542819
-80.32079,129,-16.1109189703,28546.592182
-81.078418,122,-17.2245806603,28568.643739
-80.029597,126,-16.0417738539,28592.12708
-79.798995,125,-15.9466917066,28614.720286
-79.683311,123,-16.6489051526,28636.387092
-80.39172,122,-16.8667714866,28659.174443
-79.796557,122,-16.2179864832,28680.199461
-80.665051,120,-16.7300250454,28701.538222
-80.250131,120,-17.4608790839,28722.258104
-79.034972,119,-16.3973268608,28743.963138
-80.476851,126,-15.9561247593,28767.313165
-80.230336,123,-16.095201108,28789.111742
-80.460406,123,-16.247271991,28810.919313
-77.994837,129,-14.6880049648,28833.60699
-81.728183,128,-16.6299253608,28856.034414
-81.746714,124,-17.6249154935,28877.504922
-79.039392,119,-16.2879614185,28898.335152
-82.028835,134,-16.6483315153,28922.355536
-77.736426,121,-16.150093913,28943.848857
-81.051633,124,-16.7882947901,28966.366885
-79.46848,119,-15.9734265823,28987.774523
-79.434903,120,-16.778560253,29010.559109
-80.736433,127,-15.9533632453,29033.572389
-79.147463,127,-15.8521978464,29056.777932
-80.835197,129,-16.4358731988,29080.952778
-78.607677,123,-15.9626948266,29102.845006
-81.806559,122,-17.6771614488,29124.258547
-80.097307,119,-16.6989876221,29146.175496
-81.304607,124,-17.4619292191,29168.459492
-79.96697,121,-16.9382851122,29189.822397
-82.364593,138,-16.7418602555,29214.504999
-81.212135,122,-16.9486781014,29237.188071
-78.204541,118,-17.0707025228,29258.85447
-80.208904,125,-16.6638837335,29283.117086
-81.616685,123,-17.3644065213,29305.812252
-80.697902,123,-17.137829019,29326.833488
-78.960587,123,-16.3060152849,29349.197301
-80.770712,132,-15.943267207,29372.377986
-80.679493,124,-16.6142450295,29396.302358
-79.497561,126,-15.3938229023,29419.12211
-80.7734,130,-16.7635065777,29442.436218
-79.876436,134,-15.2737064604,29467.162286
-79.277168,121,-15.9290976362,29488.460374
-79.940775,126,-16.2601584119,29511.347746
-78.843713,122,-15.9370443125,29534.206042
-81.555987,125,-17.4016194996,29555.987897
-82.020855,128,-17.8131057115,29578.812648
-80.403115,132,-16.7772736409,29603.08877
-80.043292,134,-17.3019927579,29627.578475
-78.812845,123,-15.805718383,29650.191242
-79.966345,124,-17.086466326,29671.999125
-81.427421,131,-17.2141251484,29695.807512
-79.483502,123,-16.3287610199,29717.747004
-80.911255,130,-16.4223951406,29741.140382
-80.102424,122,-17.5998627073,29764.93799
-81.318091,121,-17.1711804581,29787.078676
-79.451328,125,-16.2307762552,29810.243246
-79.099162,126,-15.7823040278,29832.213409
-81.053118,124,-17.7741493724,29853.834481
-79.98661,126,-15.9310926218,29875.554116
-82.209686,125,-17.4926943352,29897.281476
-83.30455,133,-17.4810084341,29920.713643
-80.914206,122,-16.8243946554,29941.295771
-80.357599,122,-16.293844861,29962.675781
-81.210017,123,-17.0769730377,29983.565251
-80.032036,121,-16.8493872668,30005.132224
-82.751866,131,-17.0421806595,30028.000998
-79.897863,128,-17.0663055626,30049.731369
-81.730189,123,-17.1458777289,30071.499532
-81.125583,122,-17.4191310323,30092.004046
-80.923821,122,-17.4679362705,30114.532566
-80.364782,124,-16.3618648399,30136.851696
-80.358973,124,-16.4054253783,30159.160107
-81.772643,134,-17.6044303988,30181.933527
-79.770193,125,-16.4839498144,30204.598458
-80.70256,124,-16.4859378005,30226.432399
-81.994021,133,-16.7840365612,30250.628508
-80.106276,128,-16.4765204522,30273.298123
-79.633292,121,-16.886719173,30294.747274
-81.753293,125,-18.1963755548,30315.986434
-80.103421,124,-16.7403193189,30338.005541
-79.805516,131,-16.0551561289,30361.852991
-80.594099,123,-17.9952825373,30383.370185
-80.174267,127,-15.794950623,30405.78302
-77.840244,125,-16.3667834748,30427.349864
-80.074043,123,-16.6336464742,30449.362138
-80.600634,121,-16.5018943458,30470.968291
-82.716458,134,-16.8762379665,30495.518009
-78.636038,120,-15.939938946,30516.607236
-79.441578,125,-16.2541458629,30540.136613
-79.907282,121,-16.6860004881,30562.135241
-82.567091,127,-17.2478916804,30585.014686
-81.04587,128,-16.1570951083,30608.095732
-79.133451,121,-16.6564701637,30628.742227
-81.753207,127,-16.7616756256,30652.018378
-80.256375,126,-16.6094129695,30673.814736
-78.514345,122,-15.5818222289,30695.227793
-79.203578,118,-17.9899336736,30715.711943
-81.429735,121,-17.4821401945,30736.886594
-79.920854,125,-16.3507605948,30757.73708
-82.084156,126,-17.0312829267,30778.885497
-79.334877,124,-15.8994415136,30799.988019
-80.733959,125,-16.4727177213,30820.62311
-79.345858,134,-15.7947731144,30843.579343
-81.501723,125,-16.9401852354,30863.766761
-81.171578,132,-16.0711108397,30885.677834
-80.510657,123,-16.4237541116,30906.654236
-80.615412,127,-16.427746796,30929.024085
-81.141886,124,-17.7328192517,30951.449145
-82.648936,128,-17.3751001278,30973.579247
-80.382206,128,-17.2732789024,30995.682271
-79.378748,126,-15.9363989618,31018.015893
-81.963619,127,-17.9309410628,31039.95241
-81.667867,125,-17.6277292138,31062.067955
-80.041801,123,-16.8814876372,31083.513245
-80.801973,122,-17.8577994023,31106.14703
-81.684067,124,-17.6494208656,31128.689021
-82.30386,133,-16.1824965517,31152.726003
-80.886569,123,-16.6713247509,31175.517569
-81.940015,128,-17.4100304092,31199.698916
-79.975634,130,-16.7639867517,31222.536299
-80.056749,132,-16.8055692791,31245.249836
-78.17882,122,-15.4068051954,31268.609744
-80.992169,121,-17.2360588677,31290.724867
-80.844981,125,-18.8151954973,31313.93523
-81.053718,119,-17.2819530528,31334.738668
-79.589346,125,-16.2312668604,31356.01402
-82.528988,133,-17.5782619663,31378.876653
-80.718516,129,-16.7040557587,31400.942512
-80.946937,125,-16.6017597188,31422.921855
-80.936592,125,-16.5108800078,31444.717171
-79.885753,125,-17.6652610195,31467.508994
-79.594572,124,-16.1526474432,31488.196553
-81.917047,137,-16.3805383425,31511.890657
-79.290427,127,-16.2595271481,31533.703871
-78.123435,135,-15.2275096784,31559.349542
-79.849935,127,-16.1348178272,31581.380791
-79.331536,124,-16.6253946308,31603.389403
-80.050932,127,-15.7642610568,31625.40748
-79.058922,124,-16.6894999437,31647.330237
-79.740374,126,-15.9271751603,31669.905502
-80.407376,129,-16.4485747042,31692.55511
-77.484908,126,-15.4320979451,31714.782382
-80.540003,131,-16.4808374639,31736.857987
-79.900254,130,-15.8544164762,31759.46885
-80.461114,127,-16.7077092857,31781.42555
-79.693876,125,-16.022412746,31802.807441
-81.325315,128,-16.7252798662,31825.766733
-78.465078,132,-16.2443852335,31849.079468
-80.425991,128,-15.9200341858,31871.458796
-80.118407,138,-15.5473527695,31895.192445
-81.030712,134,-16.7097263931,31919.258007
-79.257747,128,-15.2252040656,31940.181342
-80.943511,121,-18.3566880008,31961.371163
-80.871093,135,-17.007344915,31984.766132
-80.53443,124,-17.0319534276,32006.194358
-82.486928,139,-16.8790359483,32031.285256
-80.216615,128,-15.7877033856,32054.558148
-80.725022,128,-16.4922992183,32077.438848
-80.095168,125,-17.3185050387,32098.549159
-80.496228,125,-16.4993230511,32120.636289
-80.977743,134,-16.9984371739,32144.931609
-79.907571,125,-16.1719823841,32166.17427
-81.024966,121,-17.8038301368,32187.267496
-81.151843,128,-17.1439899543,32209.403442
-79.424696,124,-16.6490996162,32230.388242
-82.616726,126,-17.4602991197,32252.50102
-81.039671,137,-16.5864061555,32277.665541
-80.578344,125,-16.4934650619,32300.18884
-81.57381,139,-15.9726809578,32325.261781
-80.362811,148,-13.9065692713,32350.632365
-79.568386,126,-15.6606731686,32372.897908
-80.85096,124,-17.1360833895,32394.331182
-80.216787,120,-16.096115634,32413.98917
-80.338292,130,-17.277548039,32436.309726
-79.997046,127,-16.4408035661,32458.686388
-78.866622,128,-15.4553510502,32480.756577
-82.80042,131,-18.709561953,32504.290811
-80.146028,123,-16.2366457515,32525.233962
-80.612876,130,-16.1804666933,32548.086079
-81.370669,145,-15.6027708855,32574.02506
-79.023952,123,-16.1194273387,32596.92328
-79.052308,126,-16.6488628788,32618.634935
-81.249683,134,-15.859735516,32643.704898
-79.404329,125,-15.9754815205,32665.687813
-79.345897,134,-16.0768792508,32688.892504
-79.451175,127,-16.587243288,32711.856927
-77.755294,129,-15.0336563135,32734.654017
-81.189712,130,-16.7369348567,32758.345985
-80.207333,124,-17.21249736,32780.987553
-81.684043,125,-18.3334366466,32803.560177
-80.956307,128,-16.2240873948,32825.594831
-80.438232,124,-16.5076828536,32847.758996
-79.490098,126,-15.9200162019,32869.471102
-80.330862,137,-17.2835148034,32893.481206
-80.111187,122,-16.9057698238,32914.796933
-79.783588,123,-16.0353483064,32936.25344
-80.090433,128,-16.6067492911,32957.685665
-80.604283,128,-16.570639296,32979.706211
-79.828742,129,-15.7403480059,33004.653157
-79.306927,128,-16.0006663483,33026.357524
-82.933267,130,-17.7075396512,33050.111279
-79.927976,138,-14.9830457918,33074.006159
-80.480261,129,-16.117369631,33097.253667
-78.758994,126,-15.8892740754,33118.95991
-79.799622,133,-16.642775826,33142.618361
-79.505717,132,-15.7561264917,33165.891953
-80.243079,129,-16.7695071764,33188.273746
-80.078602,125,-16.3621561426,33209.950274
-82.173288,140,-16.9053574014,33234.244147
-80.958852,138,-17.0178941484,33258.526602
-79.311782,126,-16.6266309261,33281.080105
-80.441856,136,-16.1772420143,33305.012992
-79.753933,123,-17.0944394661,33326.188292
-81.295328,134,-16.6443797298,33349.524421
-80.160064,132,-15.7353159539,33375.470514
-76.912622,131,-15.3875766912,33398.134643
-81.239763,142,-16.1609705298,33423.107866
-83.86403,133,-18.6491238064,33445.632173
-79.948952,129,-15.4591794756,33469.115731
-79.171615,128,-15.6444370101,33491.606477
-79.551121,135,-15.9873910776,33514.196606
-80.741859,130,-17.4673325062,33537.536359
-78.773546,146,-14.0959995995,33563.315161
-79.196059,130,-15.7414386627,33586.607913
-79.19782,124,-16.3649854349,33607.346545
-79.990453,126,-17.1252883635,33628.212392
-77.823326,121,-16.3866768763,33649.272436
-79.706253,127,-16.2846095967,33670.576173
-79.813269,124,-16.426190335,33692.273814
